"objeto","tipo","situacao","chars_prod","chars_homo"
"BI_AGENDA","VIEW","TEXTO DIFERENTE","2175","0"
"BI_AGENDA_CEN","VIEW","TEXTO DIFERENTE","1219","0"
"BI_AGENDA_PROSPECCAO","VIEW","TEXTO DIFERENTE","5681","0"
"BI_CARTEIRA_EQUIP","VIEW","TEXTO DIFERENTE","1745","0"
"BI_CARTEIRA_MANITOU","VIEW","TEXTO DIFERENTE","1734","0"
"BI_CARTEIRA_PUK","VIEW","so em PRODUCAO","3736",""
"BI_CARTEIRA_USADO","VIEW","TEXTO DIFERENTE","1733","0"
"BI_CARTEIRA_VN","VIEW","TEXTO DIFERENTE","3603","0"
"bi_cobertura","VIEW","TEXTO DIFERENTE","1560","0"
"BI_COBERTURA_PROSPECCAO","VIEW","TEXTO DIFERENTE","8652","0"
"BI_COBERTURA_PROSPECCAO_MAQUINAS","VIEW","TEXTO DIFERENTE","8934","0"
"BI_DEPTO","VIEW","TEXTO DIFERENTE","99","0"
"BI_DTAPROVCREDITO","VIEW","TEXTO DIFERENTE","1661","0"
"BI_EMPRESA","VIEW","TEXTO DIFERENTE","217","0"
"bi_faturamentos","VIEW","TEXTO DIFERENTE","1111","0"
"BI_FROTA","VIEW","TEXTO DIFERENTE","995","0"
"BI_GRUPO_USR","VIEW","TEXTO DIFERENTE","264","0"
"BI_OPORT_ABERTAS","VIEW","TEXTO DIFERENTE","10691","0"
"BI_OPORT_ABERTASRESUMO","VIEW","TEXTO DIFERENTE","10342","0"
"BI_OPORT_FUNIL","VIEW","TEXTO DIFERENTE","2868","0"
"BI_OPORT_FUNIL2","VIEW","TEXTO DIFERENTE","5016","0"
"BI_OPORT_FUNIL2_BKP","VIEW","TEXTO DIFERENTE","3185","0"
"bi_oportunidade","VIEW","TEXTO DIFERENTE","2014","0"
"BI_OPORTUNIDADE_ENC","VIEW","TEXTO DIFERENTE","4869","0"
"bi_oportunidade_produto","VIEW","TEXTO DIFERENTE","1907","0"
"bi_Oportunidades","VIEW","TEXTO DIFERENTE","1511","0"
"BI_ORIGEM_RECEITA","VIEW","TEXTO DIFERENTE","1338","0"
"bi_pedidos","VIEW","TEXTO DIFERENTE","1288","0"
"BI_PESSOA","VIEW","TEXTO DIFERENTE","4435","0"
"BI_PESSOAOP","VIEW","TEXTO DIFERENTE","4737","0"
"BI_PROCESSO_333","SQL_STORED_PROCEDURE","so em PRODUCAO","7120",""
"BI_QUALIDADE","VIEW","TEXTO DIFERENTE","6200","0"
"BI_RELATORIO_PROSPECCAO","SQL_STORED_PROCEDURE","so em PRODUCAO","9999",""
"BI_USUARIO","VIEW","TEXTO DIFERENTE","164","0"
"BI_VENDA_MAQ","VIEW","TEXTO DIFERENTE","12203","0"
"BI_VENDA_MAQ_ENC","VIEW","TEXTO DIFERENTE","12487","0"
"BI_VENDA_MAQ_NEW","VIEW","TEXTO DIFERENTE","1687","0"
"BI_VENDA_PERDIDA","VIEW","TEXTO DIFERENTE","1534","0"
"BI_VENDA_PERDIDA_PROD","VIEW","TEXTO DIFERENTE","3107","0"
"BI_VISITA","VIEW","TEXTO DIFERENTE","2562","0"
"f_GetColumnData","SQL_SCALAR_FUNCTION","so em PRODUCAO","1363",""
"f_IntervaloNum","SQL_SCALAR_FUNCTION","so em PRODUCAO","297",""
"f_IntervaloNumX","SQL_SCALAR_FUNCTION","so em PRODUCAO","460",""
"f_IV_UltimoResHistProcesso","SQL_SCALAR_FUNCTION","so em PRODUCAO","1303",""
"f_s_Campo","SQL_SCALAR_FUNCTION","so em PRODUCAO","455",""
"f_s_Dado","SQL_SCALAR_FUNCTION","so em PRODUCAO","484",""
"f_s_Dado_N","SQL_SCALAR_FUNCTION","so em PRODUCAO","275",""
"fC5_ColDate","SQL_SCALAR_FUNCTION","so em PRODUCAO","391",""
"fC5_ColNumber","SQL_SCALAR_FUNCTION","so em PRODUCAO","381",""
"fC5_ColString","SQL_SCALAR_FUNCTION","so em PRODUCAO","564",""
"fcnDiasUteis","SQL_SCALAR_FUNCTION","so em PRODUCAO","806",""
"fiv_GetGrupoUsr","SQL_SCALAR_FUNCTION","so em PRODUCAO","802",""
"fIV_GetPessoaFones","SQL_SCALAR_FUNCTION","so em PRODUCAO","1803",""
"fiv_GetProdutoEstrutura","SQL_SCALAR_FUNCTION","so em PRODUCAO","1060",""
"fIV_GetProdutoProcesso","SQL_SCALAR_FUNCTION","so em PRODUCAO","741",""
"fIV_GetResultadoAcao","SQL_SCALAR_FUNCTION","so em PRODUCAO","711",""
"fIV_GetStatusNaData","SQL_SCALAR_FUNCTION","so em PRODUCAO","605",""
"fIV_GetStatusOrdNaData","SQL_SCALAR_FUNCTION","so em PRODUCAO","730",""
"fn_ContaHoras","SQL_SCALAR_FUNCTION","so em PRODUCAO","914",""
"fn_diagramobjects","SQL_SCALAR_FUNCTION","TEXTO DIFERENTE","1693","0"
"fn_RightCase","SQL_SCALAR_FUNCTION","so em PRODUCAO","673",""
"fn_RightCaseProprio","SQL_SCALAR_FUNCTION","so em PRODUCAO","933",""
"fn_StripCharacters","SQL_SCALAR_FUNCTION","so em PRODUCAO","366",""
"fva_CGCCPFFormat","SQL_SCALAR_FUNCTION","so em PRODUCAO","896",""
"fva_DateTimeFromParts","SQL_SCALAR_FUNCTION","so em PRODUCAO","609",""
"fva_DateTrunc","SQL_SCALAR_FUNCTION","so em PRODUCAO","153",""
"fva_Dinheiro","SQL_SCALAR_FUNCTION","so em PRODUCAO","1181",""
"fva_FmtNum","SQL_SCALAR_FUNCTION","so em PRODUCAO","2105",""
"fva_FormatMoney","SQL_SCALAR_FUNCTION","so em PRODUCAO","219",""
"fva_GetData","SQL_SCALAR_FUNCTION","so em PRODUCAO","226",""
"fva_GetExisteProcessolink","SQL_SCALAR_FUNCTION","so em PRODUCAO","585",""
"fva_GetHistoricoTag","SQL_SCALAR_FUNCTION","so em PRODUCAO","718",""
"fva_GetHora","SQL_SCALAR_FUNCTION","so em PRODUCAO","387",""
"fva_GetPessoaEndereco","SQL_SCALAR_FUNCTION","so em PRODUCAO","1815",""
"fva_GetPessoaFones","SQL_SCALAR_FUNCTION","so em PRODUCAO","2432",""
"fva_GetProcessoTag","SQL_SCALAR_FUNCTION","so em PRODUCAO","700",""
"fva_GetProdutoProcesso","SQL_SCALAR_FUNCTION","so em PRODUCAO","705",""
"fva_InitCap","SQL_SCALAR_FUNCTION","so em PRODUCAO","953",""
"fva_IntervaloDataB","SQL_SCALAR_FUNCTION","so em PRODUCAO","305",""
"fva_IntervaloNum","SQL_SCALAR_FUNCTION","so em PRODUCAO","293",""
"fva_IntervaloNumX","SQL_SCALAR_FUNCTION","so em PRODUCAO","329",""
"fva_QryDiaUtil","SQL_SCALAR_FUNCTION","so em PRODUCAO","673",""
"fva_RemoveCRLF","SQL_SCALAR_FUNCTION","so em PRODUCAO","177",""
"fva_SequenciaAuto","SQL_STORED_PROCEDURE","so em PRODUCAO","639",""
"fva_SequenciaGet","SQL_STORED_PROCEDURE","so em PRODUCAO","639",""
"fva_SoNro","SQL_SCALAR_FUNCTION","so em PRODUCAO","487",""
"fva_StrMaskLGPD","SQL_SCALAR_FUNCTION","so em PRODUCAO","663",""
"fva_TruncDate","SQL_SCALAR_FUNCTION","so em PRODUCAO","159",""
"fva_UnFormatCGCCPF","SQL_SCALAR_FUNCTION","so em PRODUCAO","303",""
"GE$CONTATO_FULL","VIEW","TEXTO DIFERENTE","1031","0"
"GE$CONTATO_LGPD","VIEW","TEXTO DIFERENTE","1380","0"
"GE$EMAIL_FULL","VIEW","TEXTO DIFERENTE","378","0"
"GE$EMAIL_LGPD","VIEW","TEXTO DIFERENTE","719","0"
"GE$MODULOPERM","VIEW","TEXTO DIFERENTE","418","0"
"GE$OBJDINAMICO","VIEW","TEXTO DIFERENTE","1287","0"
"GE$PESSOA","VIEW","TEXTO DIFERENTE","2141","0"
"GE$PESSOA_FULL","VIEW","TEXTO DIFERENTE","2033","0"
"GE$PESSOA_LGPD","VIEW","TEXTO DIFERENTE","3289","0"
"GE$PESSOAEND_FULL","VIEW","TEXTO DIFERENTE","623","0"
"GE$PESSOAEND_LGPD","VIEW","TEXTO DIFERENTE","1041","0"
"GE$PESSOAENDCORR","VIEW","TEXTO DIFERENTE","1964","0"
"GE$PESSOAFONE_FULL","VIEW","TEXTO DIFERENTE","449","0"
"GE$PESSOAFONE_LGPD","VIEW","TEXTO DIFERENTE","694","0"
"GE$POLSEGPERM","VIEW","TEXTO DIFERENTE","542","0"
"GE$USUARIOPERM","VIEW","TEXTO DIFERENTE","443","0"
"GEL$CIDADE","VIEW","TEXTO DIFERENTE","280","0"
"GEL$LOGRADOURO","VIEW","TEXTO DIFERENTE","566","0"
"GEL$TIPOLOGRADOURO","VIEW","TEXTO DIFERENTE","189","0"
"GEL$UF","VIEW","TEXTO DIFERENTE","78","0"
"IMPV_VEICULO","VIEW","TEXTO DIFERENTE","1885","0"
"IV$_PONTUACAO","VIEW","TEXTO DIFERENTE","8586","0"
"IV$A_BENEFICIO","VIEW","TEXTO DIFERENTE","136","0"
"IV$A_CAMPANHA_AGRISHOW_2012","VIEW","TEXTO DIFERENTE","175","0"
"IV$A_COR_PREFERIDO","VIEW","TEXTO DIFERENTE","148","0"
"IV$A_PERFIL_CLIENTE_SERVICOS","VIEW","TEXTO DIFERENTE","178","0"
"IV$A_PERSONA_JOHN_DEERE","VIEW","TEXTO DIFERENTE","163","0"
"IV$A_POTENCIAL_CARTEIRA_PECAS","VIEW","TEXTO DIFERENTE","181","0"
"IV$A_PROJETO_CULTIVAR","VIEW","TEXTO DIFERENTE","157","0"
"IV$A_TIME_PREFERIDO","VIEW","TEXTO DIFERENTE","151","0"
"IV$ATIVREQUISITO","VIEW","TEXTO DIFERENTE","984","0"
"IV$DADOS_PESSOA_COMPLETA","VIEW","TEXTO DIFERENTE","1897","0"
"IV$DOITRES","VIEW","TEXTO DIFERENTE","924","0"
"IV$FICHANEG","VIEW","TEXTO DIFERENTE","2734","0"
"IV$HISTORICO","VIEW","TEXTO DIFERENTE","1276","0"
"IV$NFITEM","VIEW","TEXTO DIFERENTE","661","0"
"IV$NFSAIDA","VIEW","TEXTO DIFERENTE","662","0"
"IV$NFSCMPL","VIEW","TEXTO DIFERENTE","248","0"
"IV$OPERADOR","VIEW","TEXTO DIFERENTE","619","0"
"IV$OPERGRUPO","VIEW","TEXTO DIFERENTE","782","0"
"IV$OrdemServico","VIEW","TEXTO DIFERENTE","1961","0"
"IV$OSItem","VIEW","TEXTO DIFERENTE","442","0"
"IV$OSSolicitacao","VIEW","TEXTO DIFERENTE","344","0"
"IV$P_AGRICULTURA_PRECISAO","VIEW","TEXTO DIFERENTE","415","0"
"IV$P_CNAE","VIEW","TEXTO DIFERENTE","365","0"
"IV$P_COLHEDORA_DE_CANA","VIEW","TEXTO DIFERENTE","433","0"
"IV$P_COLHEITADEIRA_GRAOS","VIEW","TEXTO DIFERENTE","518","0"
"IV$P_CONTRATO_GFC","VIEW","TEXTO DIFERENTE","423","0"
"IV$P_DISTRIBUIDORA","VIEW","TEXTO DIFERENTE","392","0"
"IV$P_EQUIPAMENTO_SISDIA","VIEW","TEXTO DIFERENTE","758","0"
"IV$P_EQUIPAMENTOS","VIEW","TEXTO DIFERENTE","447","0"
"IV$P_EQUIPAMENTOS_MANITOU","VIEW","TEXTO DIFERENTE","453","0"
"IV$P_EQUIPAMENTOS_NOVO","VIEW","TEXTO DIFERENTE","452","0"
"IV$P_EQUIPAMENTOS111","VIEW","TEXTO DIFERENTE","449","0"
"IV$P_FENO_E_FORRAGEM","VIEW","TEXTO DIFERENTE","409","0"
"IV$P_FROTA","VIEW","so em PRODUCAO","364",""
"IV$P_IMPLEMENTO","VIEW","TEXTO DIFERENTE","405","0"
"IV$P_LOCACAO","VIEW","TEXTO DIFERENTE","632","0"
"IV$P_NJUR","VIEW","TEXTO DIFERENTE","365","0"
"IV$P_NO_AGRICULTURA_PREC","VIEW","TEXTO DIFERENTE","437","0"
"IV$P_NO_AREA_PLANTADA","VIEW","TEXTO DIFERENTE","442","0"
"IV$P_NO_AREA_TOTAL","VIEW","TEXTO DIFERENTE","614","0"
"IV$P_NO_CHACARA","VIEW","TEXTO DIFERENTE","450","0"
"IV$P_NO_COLHEDORA_DE_CAN","VIEW","TEXTO DIFERENTE","436","0"
"IV$P_NO_COLHEITADEIRA_GR","VIEW","TEXTO DIFERENTE","519","0"
"IV$P_NO_CONSORCIO","VIEW","TEXTO DIFERENTE","391","0"
"IV$P_NO_ESTANCIA","VIEW","TEXTO DIFERENTE","452","0"
"IV$P_NO_FAZENDA","VIEW","TEXTO DIFERENTE","476","0"
"IV$P_NO_FENO_E_FORRAGEM","VIEW","TEXTO DIFERENTE","433","0"
"IV$P_NO_FROTA","VIEW","TEXTO DIFERENTE","452","0"
"IV$P_NO_IMOVEL","VIEW","TEXTO DIFERENTE","408","0"
"IV$P_NO_IMPLEMENTO","VIEW","TEXTO DIFERENTE","448","0"
"IV$P_NO_IMPLEMENTOS","VIEW","TEXTO DIFERENTE","546","0"
"IV$P_NO_JOHN_DEERE","VIEW","TEXTO DIFERENTE","638","0"
"IV$P_NO_MAQUINA_IMPLEMENT","VIEW","TEXTO DIFERENTE","544","0"
"IV$P_NO_ORIGEM_DA_RECEIT","VIEW","TEXTO DIFERENTE","456","0"
"IV$P_NO_PLANTADEIRA","VIEW","TEXTO DIFERENTE","472","0"
"IV$P_NO_PLATAFORMA_ADICI","VIEW","TEXTO DIFERENTE","468","0"
"IV$P_NO_PROPRIEDADE_RURAL","VIEW","TEXTO DIFERENTE","493","0"
"IV$P_NO_PULVERIZADOR","VIEW","TEXTO DIFERENTE","464","0"
"IV$P_NO_SEGURO_DE_VIDA","VIEW","TEXTO DIFERENTE","416","0"
"IV$P_NO_SITIO","VIEW","TEXTO DIFERENTE","444","0"
"IV$P_NO_TIPO_CULTURA","VIEW","TEXTO DIFERENTE","400","0"
"IV$P_NO_TRATOR","VIEW","TEXTO DIFERENTE","455","0"
"IV$P_NO_TRATOR_MANUAL_FRO","VIEW","TEXTO DIFERENTE","522","0"
"IV$P_NO_TRATOR_SISDIA","VIEW","TEXTO DIFERENTE","640","0"
"IV$P_NO_TURF","VIEW","TEXTO DIFERENTE","425","0"
"IV$P_NO_VEICULO","VIEW","TEXTO DIFERENTE","512","0"
"IV$P_OPERATIONS_CENTER","VIEW","TEXTO DIFERENTE","394","0"
"IV$P_ORIGEM_DA_RECEITA","VIEW","TEXTO DIFERENTE","550","0"
"IV$P_PLANTADEIRA","VIEW","TEXTO DIFERENTE","468","0"
"IV$P_PLATAFORMA_ADICIONAL","VIEW","TEXTO DIFERENTE","464","0"
"IV$P_PULVERIZADOR","VIEW","TEXTO DIFERENTE","460","0"
"IV$P_SEGURO","VIEW","TEXTO DIFERENTE","770","0"
"IV$P_TRATOR","VIEW","TEXTO DIFERENTE","470","0"
"IV$P_TURF","VIEW","TEXTO DIFERENTE","399","0"
"IV$PESSOA_GEOSIGA","VIEW","TEXTO DIFERENTE","436","0"
"IV$PG_AGRICULTURA_PRECISAO","VIEW","TEXTO DIFERENTE","554","0"
"IV$PG_ALCADA","VIEW","TEXTO DIFERENTE","463","0"
"IV$PG_AMS_TOTVS","VIEW","TEXTO DIFERENTE","397","0"
"IV$PG_ANO","VIEW","TEXTO DIFERENTE","414","0"
"IV$PG_AUDITORIA","VIEW","TEXTO DIFERENTE","509","0"
"IV$PG_CAMPANHA_DE_INCENTIV","VIEW","TEXTO DIFERENTE","536","0"
"IV$PG_CLASSE_RESULTADO","VIEW","TEXTO DIFERENTE","465","0"
"IV$PG_COLHEDORA_CANA_TOTVS","VIEW","TEXTO DIFERENTE","408","0"
"IV$PG_COLHEDORA_DE_CANA","VIEW","TEXTO DIFERENTE","531","0"
"IV$PG_COLHEITADEIRA_ANO","VIEW","so em PRODUCAO","428",""
"IV$PG_COLHEITADEIRA_GRAOS","VIEW","TEXTO DIFERENTE","614","0"
"IV$PG_COLHEITADEIRA_TOTVS","VIEW","TEXTO DIFERENTE","407","0"
"IV$PG_CONSORCIO","VIEW","TEXTO DIFERENTE","467","0"
"IV$PG_CULTURA","VIEW","TEXTO DIFERENTE","422","0"
"IV$PG_EQUIPAMENTOS","VIEW","TEXTO DIFERENTE","546","0"
"IV$PG_FAMILIA_DEPTOS","VIEW","TEXTO DIFERENTE","474","0"
"IV$PG_FENO_E_FORRAGEM","VIEW","TEXTO DIFERENTE","510","0"
"IV$PG_GREEN_SYSTEM","VIEW","TEXTO DIFERENTE","432","0"
"IV$PG_GRUPO_REGIONAL","VIEW","TEXTO DIFERENTE","516","0"
"IV$PG_IMP_GREEN_SYSTEM","VIEW","TEXTO DIFERENTE","436","0"
"IV$PG_IMPLEMENTOS","VIEW","TEXTO DIFERENTE","587","0"
"IV$PG_IMPLEMENTOS_TOTVS","VIEW","TEXTO DIFERENTE","405","0"
"IV$PG_INST_FINANCEIRA","VIEW","TEXTO DIFERENTE","485","0"
"IV$PG_INTEGRACAO_FAMILIA","VIEW","TEXTO DIFERENTE","482","0"
"IV$PG_MARCA_TOTVS","VIEW","TEXTO DIFERENTE","475","0"
"IV$PG_MARCAS","VIEW","TEXTO DIFERENTE","867","0"
"IV$PG_MARCAS_E_FAMILIA","VIEW","TEXTO DIFERENTE","526","0"
"IV$PG_META_DEPTO","VIEW","so em PRODUCAO","489",""
"IV$PG_ORIGEM_DA_RECEITA","VIEW","TEXTO DIFERENTE","476","0"
"IV$PG_PLANTADEIRA","VIEW","TEXTO DIFERENTE","642","0"
"IV$PG_PLANTADEIRA_TOTVS","VIEW","TEXTO DIFERENTE","405","0"
"IV$PG_PLATAFORMA_ADICIONAL","VIEW","TEXTO DIFERENTE","614","0"
"IV$PG_POLITICA_DE_COMISSAO","VIEW","TEXTO DIFERENTE","487","0"
"IV$PG_PRODUTOSISDIA","VIEW","TEXTO DIFERENTE","400","0"
"IV$PG_PULVERIZADOR","VIEW","TEXTO DIFERENTE","614","0"
"IV$PG_PULVERIZADOR_TOTVS","VIEW","TEXTO DIFERENTE","406","0"
"IV$PG_RESPONSAVEL_TECNICO","VIEW","TEXTO DIFERENTE","441","0"
"IV$PG_RETAIL","VIEW","TEXTO DIFERENTE","464","0"
"IV$PG_REVENDAS","VIEW","TEXTO DIFERENTE","436","0"
"IV$PG_SEGURO","VIEW","TEXTO DIFERENTE","430","0"
"IV$PG_SEM_INCENTIVO","VIEW","TEXTO DIFERENTE","436","0"
"IV$PG_STATUS_PESSOA_DEPTO","VIEW","TEXTO DIFERENTE","594","0"
"IV$PG_TIPO","VIEW","TEXTO DIFERENTE","414","0"
"IV$PG_TRATOR_TESTE","VIEW","TEXTO DIFERENTE","505","0"
"IV$PG_TRATOR_TOTVS","VIEW","TEXTO DIFERENTE","508","0"
"IV$PG_TRATORES","VIEW","TEXTO DIFERENTE","606","0"
"IV$PG_TURF","VIEW","TEXTO DIFERENTE","538","0"
"IV$PG_VENDEDOR","VIEW","so em PRODUCAO","429",""
"IV$PROCESSO","VIEW","TEXTO DIFERENTE","1410","0"
"IV$PRODUTO","VIEW","TEXTO DIFERENTE","902","0"
"IV$RESULTADO","VIEW","TEXTO DIFERENTE","1037","0"
"IV$RESULTADOFULL","VIEW","TEXTO DIFERENTE","5743","0"
"IV$S_AGENDA","VIEW","TEXTO DIFERENTE","916","0"
"IV$S_CARTEIRA","VIEW","TEXTO DIFERENTE","1049","0"
"IV$S_CONTATO","VIEW","TEXTO DIFERENTE","1533","0"
"IV$S_ENDERECOADIC","VIEW","TEXTO DIFERENTE","707","0"
"IV$S_HISTORICO","VIEW","TEXTO DIFERENTE","1634","0"
"IV$S_PESSOA","VIEW","TEXTO DIFERENTE","2348","0"
"IV$S_PESSOA_CLASSE","VIEW","TEXTO DIFERENTE","99","0"
"IV$S_RFV","VIEW","TEXTO DIFERENTE","573","0"
"IV$TITULO","VIEW","TEXTO DIFERENTE","1305","0"
"IV$TITULOEMPR","VIEW","TEXTO DIFERENTE","211","0"
"IV$TITULOORIGEM","VIEW","TEXTO DIFERENTE","129","0"
"IV$TITULOVENC","VIEW","TEXTO DIFERENTE","516","0"
"IV_EQUIPE","VIEW","TEXTO DIFERENTE","407","0"
"IV_EQUIPEEMPR","VIEW","TEXTO DIFERENTE","176","0"
"IV_Q$ABERTURA_OS_REVISAO","VIEW","so em PRODUCAO","844",""
"IV_Q$ACOMP_VEND_MAQUINAS","VIEW","TEXTO DIFERENTE","2658","0"
"IV_Q$ACOMP_VENDA_DIRETA","VIEW","TEXTO DIFERENTE","1488","0"
"IV_Q$ACOMP_VENDA_DIRETAJD","VIEW","TEXTO DIFERENTE","4239","0"
"IV_Q$ACOMP_VENDA_FINANC","VIEW","so em PRODUCAO","1176",""
"IV_Q$ACOMP_VENDA_LOCACAO","VIEW","TEXTO DIFERENTE","1304","0"
"IV_Q$ACOMP_VENDA_MANITOU","VIEW","TEXTO DIFERENTE","2115","0"
"IV_Q$ACOMP_VENDA_USADO","VIEW","TEXTO DIFERENTE","2124","0"
"IV_Q$ACOMPAN_COMPRA_JDE","VIEW","TEXTO DIFERENTE","1437","0"
"IV_Q$ACOMPAN_VEND_CONCESS","VIEW","TEXTO DIFERENTE","993","0"
"IV_Q$ACOMPANH_VENDA_JDE","VIEW","TEXTO DIFERENTE","4397","0"
"IV_Q$ACOMPANHA_COMPRA_IMP","VIEW","TEXTO DIFERENTE","1465","0"
"IV_Q$ACOMPANHAM_VENDA_IMP","VIEW","TEXTO DIFERENTE","1717","0"
"IV_Q$ACOMPANHAMENTO_VENDA","VIEW","TEXTO DIFERENTE","2477","0"
"IV_Q$ADM_FINANCEIRO","VIEW","TEXTO DIFERENTE","1271","0"
"IV_Q$ADM_FINANCEIRO_N","VIEW","TEXTO DIFERENTE","2458","0"
"IV_Q$AFE_VENDA_MQ_IM_USAD","VIEW","TEXTO DIFERENTE","1663","0"
"IV_Q$AFERICAO_CSC","VIEW","TEXTO DIFERENTE","1022","0"
"IV_Q$AFERICAO_DE_PECAS","VIEW","TEXTO DIFERENTE","1010","0"
"IV_Q$AFERICAO_IMPLEMENTO","VIEW","TEXTO DIFERENTE","1285","0"
"IV_Q$AFERICAO_MAQ_1_CONT","VIEW","TEXTO DIFERENTE","1221","0"
"IV_Q$AFERICAO_MAQ_1_WEB","VIEW","TEXTO DIFERENTE","1109","0"
"IV_Q$AFERICAO_MAQ_2_CONT","VIEW","TEXTO DIFERENTE","1041","0"
"IV_Q$AFERICAO_MAQ_2_WEB","VIEW","TEXTO DIFERENTE","871","0"
"IV_Q$AFERICAO_MAQ_3_CONT","VIEW","TEXTO DIFERENTE","1321","0"
"IV_Q$AFERICAO_MAQ_3_WEB","VIEW","TEXTO DIFERENTE","924","0"
"IV_Q$AFERICAO_PECAS","VIEW","TEXTO DIFERENTE","781","0"
"IV_Q$AFERICAO_POS_SOLUCAO","VIEW","TEXTO DIFERENTE","916","0"
"IV_Q$AFERICAO_SERV_WEB","VIEW","TEXTO DIFERENTE","1061","0"
"IV_Q$AFERICAO_SERVICOS","VIEW","TEXTO DIFERENTE","1192","0"
"IV_Q$AFERICAO_SUPORTE_INT","VIEW","TEXTO DIFERENTE","829","0"
"IV_Q$AFERICAO_VENDA_MAQ","VIEW","TEXTO DIFERENTE","1165","0"
"IV_Q$AFERICAO_VENDA_MQ_IM","VIEW","TEXTO DIFERENTE","1916","0"
"IV_Q$AGUARDAR_PECAS","VIEW","TEXTO DIFERENTE","819","0"
"IV_Q$ALTERADO_PAGAMENTO","VIEW","so em PRODUCAO","897",""
"IV_Q$ANALISE_DE_CREDITO","VIEW","TEXTO DIFERENTE","4588","0"
"IV_Q$APRESENT_EQUIPAMENTO","VIEW","TEXTO DIFERENTE","786","0"
"IV_Q$APRESENT_IMPLEMENTO","VIEW","TEXTO DIFERENTE","958","0"
"IV_Q$APRESENTACAO","VIEW","TEXTO DIFERENTE","1021","0"
"IV_Q$APRESENTACAO_JDE","VIEW","TEXTO DIFERENTE","1029","0"
"IV_Q$APROVACAO_TCSM","VIEW","TEXTO DIFERENTE","815","0"
"IV_Q$ATUALIZACAO_PUK","VIEW","so em PRODUCAO","1131",""
"IV_Q$AVAL_COLH_CANA_USADA","VIEW","TEXTO DIFERENTE","2209","0"
"IV_Q$AVAL_TRATORES_USADOS","VIEW","TEXTO DIFERENTE","3329","0"
"IV_Q$AVAL_USADO_ENTRADA","VIEW","TEXTO DIFERENTE","1094","0"
"IV_Q$AVALIA_COLHEIT_USADA","VIEW","TEXTO DIFERENTE","3098","0"
"IV_Q$AVALIA_IMPLEM_USADO","VIEW","TEXTO DIFERENTE","1548","0"
"IV_Q$AVALIA_USADO_ENTRADA","VIEW","TEXTO DIFERENTE","2140","0"
"IV_Q$AVALIACAO_AMS_USADO","VIEW","TEXTO DIFERENTE","918","0"
"IV_Q$CADASTROS_LISTAS","VIEW","TEXTO DIFERENTE","817","0"
"IV_Q$CANCEL_RENOVACAO_SEG","VIEW","so em PRODUCAO","972",""
"IV_Q$CANCELAMENTO_SEGURO","VIEW","TEXTO DIFERENTE","874","0"
"IV_Q$CANHOTO_DIGITAL","VIEW","so em PRODUCAO","950",""
"IV_Q$CHASSI_ENTREGA_FISIC","VIEW","TEXTO DIFERENTE","819","0"
"IV_Q$CHASSI_EQUIPAMENTO","VIEW","TEXTO DIFERENTE","832","0"
"IV_Q$CHASSI_PMP","VIEW","TEXTO DIFERENTE","855","0"
"IV_Q$CHEGADA_IMPLEMENTO","VIEW","TEXTO DIFERENTE","823","0"
"IV_Q$COM_INTERESSE_FUTURO","VIEW","so em PRODUCAO","1150",""
"IV_Q$COMISSAO","VIEW","TEXTO DIFERENTE","1676","0"
"IV_Q$COMISSAO_AMS","VIEW","TEXTO DIFERENTE","1201","0"
"IV_Q$COMISSAO_CONTACHAVE","VIEW","TEXTO DIFERENTE","1124","0"
"IV_Q$COMISSAO_LOCACAO","VIEW","TEXTO DIFERENTE","1279","0"
"IV_Q$COMISSAO_SERV_AMS","VIEW","TEXTO DIFERENTE","1317","0"
"IV_Q$COMISSAO_USADO","VIEW","TEXTO DIFERENTE","945","0"
"IV_Q$COMISSAO_VD_LOCACAO","VIEW","TEXTO DIFERENTE","1287","0"
"IV_Q$COMPETID_NEGOC_IMPL","VIEW","TEXTO DIFERENTE","1058","0"
"IV_Q$COMPETIDORES_NA_NEG","VIEW","TEXTO DIFERENTE","1050","0"
"IV_Q$COMPETIDORES_NA_NEGO","VIEW","TEXTO DIFERENTE","1091","0"
"IV_Q$CONDICOES_DE_VENDAS","VIEW","so em PRODUCAO","1176",""
"IV_Q$CONT_COMISSAO_22","VIEW","TEXTO DIFERENTE","1584","0"
"IV_Q$COTA_CONSORCIO","VIEW","so em PRODUCAO","1045",""
"IV_Q$DEMO_EQUIP_JD","VIEW","so em PRODUCAO","1706",""
"IV_Q$DEMO_IMPLEMENTO","VIEW","TEXTO DIFERENTE","1675","0"
"IV_Q$DEMO_MAQUINAS","VIEW","TEXTO DIFERENTE","1118","0"
"IV_Q$DEMO_TRATOR","VIEW","TEXTO DIFERENTE","1697","0"
"IV_Q$DEMONSTR_COLHEITAD","VIEW","TEXTO DIFERENTE","1031","0"
"IV_Q$DEMONSTRACAO_JD","VIEW","TEXTO DIFERENTE","1922","0"
"IV_Q$DEMONSTRACAO_LOG","VIEW","so em PRODUCAO","872",""
"IV_Q$DEMONSTRACAO_NF","VIEW","so em PRODUCAO","801",""
"IV_Q$DEMONSTRACAO_TRATOR","VIEW","TEXTO DIFERENTE","1676","0"
"IV_Q$DEVOLUCAO_PECA","VIEW","TEXTO DIFERENTE","799","0"
"IV_Q$DEVOLUCAO_PUK","VIEW","so em PRODUCAO","803",""
"IV_Q$DOC_ANALISE_CREDITO","VIEW","TEXTO DIFERENTE","1754","0"
"IV_Q$EVENTOS_AFERICAO","VIEW","TEXTO DIFERENTE","1306","0"
"IV_Q$EXP_FLUXO_MODELER","VIEW","TEXTO DIFERENTE","816","0"
"IV_Q$FORA_SERVICO_PMP","VIEW","TEXTO DIFERENTE","900","0"
"IV_Q$FORM_TREINO","VIEW","TEXTO DIFERENTE","775","0"
"IV_Q$GAR_DATA_SERVICO","VIEW","TEXTO DIFERENTE","852","0"
"IV_Q$GAR_FAB_SOL_PECA","VIEW","TEXTO DIFERENTE","803","0"
"IV_Q$GESTAO_CREDITO","VIEW","TEXTO DIFERENTE","2888","0"
"IV_Q$GESTAO_CREDITO_AMS","VIEW","TEXTO DIFERENTE","1862","0"
"IV_Q$GESTAO_CREDITO_IMP","VIEW","TEXTO DIFERENTE","1889","0"
"IV_Q$GESTAO_PRODUTO___AMS","VIEW","TEXTO DIFERENTE","1885","0"
"IV_Q$GESTAO_PRODUTO_IMPL","VIEW","TEXTO DIFERENTE","1618","0"
"IV_Q$HORIMETRO_AGREGA","VIEW","TEXTO DIFERENTE","803","0"
"IV_Q$INCENTIVO","VIEW","TEXTO DIFERENTE","2241","0"
"IV_Q$INTERESSE_FUTURO_PRO","VIEW","TEXTO DIFERENTE","784","0"
"IV_Q$INTERESSE_PROJETO_IR","VIEW","TEXTO DIFERENTE","1026","0"
"IV_Q$LIBERAR_DEMONSTRACAO","VIEW","so em PRODUCAO","894",""
"IV_Q$LICENCAS_PUK","VIEW","so em PRODUCAO","1179",""
"IV_Q$LOCACAO_COMISSAO","VIEW","TEXTO DIFERENTE","1283","0"
"IV_Q$OFERECE_RENOV_SEGURO","VIEW","TEXTO DIFERENTE","1313","0"
"IV_Q$ORIGEM_DA_RENDA","VIEW","TEXTO DIFERENTE","813","0"
"IV_Q$OS_ABERTA","VIEW","TEXTO DIFERENTE","836","0"
"IV_Q$OS_CORTESIA","VIEW","TEXTO DIFERENTE","890","0"
"IV_Q$OS_GARANTIA","VIEW","TEXTO DIFERENTE","890","0"
"IV_Q$OS_REVISAO_ENTREGA","VIEW","TEXTO DIFERENTE","924","0"
"IV_Q$PECAS_AFERICAO","VIEW","TEXTO DIFERENTE","1229","0"
"IV_Q$PEDIDO_GC","VIEW","so em PRODUCAO","1201",""
"IV_Q$PEDIDO_KAM","VIEW","TEXTO DIFERENTE","1717","0"
"IV_Q$PEDIDO_SAM","VIEW","TEXTO DIFERENTE","1354","0"
"IV_Q$PERCEPCAO_JD","VIEW","so em PRODUCAO","1388",""
"IV_Q$PESQ_SATISFACAO_PECA","VIEW","TEXTO DIFERENTE","1966","0"
"IV_Q$PESQUISA_NPS","VIEW","so em PRODUCAO","815",""
"IV_Q$PESQUISA_TI","VIEW","TEXTO DIFERENTE","920","0"
"IV_Q$PREMIO_DEMO","VIEW","TEXTO DIFERENTE","874","0"
"IV_Q$PREVISAO_RECEBIMENTO","VIEW","TEXTO DIFERENTE","835","0"
"IV_Q$PRODUTO_RD","VIEW","so em PRODUCAO","1024",""
"IV_Q$PROPOSTA_COMERCIAL","VIEW","TEXTO DIFERENTE","1113","0"
"IV_Q$PROSPECCAO_SERV__JD","VIEW","TEXTO DIFERENTE","927","0"
"IV_Q$QUALIDADE_PECAS","VIEW","TEXTO DIFERENTE","907","0"
"IV_Q$QUALIDADE_SERVICOS","VIEW","TEXTO DIFERENTE","932","0"
"IV_Q$QUALIDADE_VENDAMAQ","VIEW","TEXTO DIFERENTE","913","0"
"IV_Q$RECEB_FINAN_IMPLEM","VIEW","TEXTO DIFERENTE","827","0"
"IV_Q$RECEBIMENTO_A_PRAZO","VIEW","so em PRODUCAO","1532",""
"IV_Q$RECEBIMENTO_COMISSAO","VIEW","TEXTO DIFERENTE","838","0"
"IV_Q$RECEBIMENTO_FINANC","VIEW","TEXTO DIFERENTE","813","0"
"IV_Q$RESPONSAVEL_TECNICO","VIEW","TEXTO DIFERENTE","831","0"
"IV_Q$RESULTADO_DEMO","VIEW","TEXTO DIFERENTE","1405","0"
"IV_Q$RETORNADO_JD","VIEW","TEXTO DIFERENTE","801","0"
"IV_Q$REV_DATA_SERVICO","VIEW","TEXTO DIFERENTE","872","0"
"IV_Q$REVISAO_100H","VIEW","so em PRODUCAO","862",""
"IV_Q$REVISAO_1100_1150H","VIEW","so em PRODUCAO","874",""
"IV_Q$REVISAO_1500H","VIEW","so em PRODUCAO","864",""
"IV_Q$REVISAO_450_600H","VIEW","so em PRODUCAO","870",""
"IV_Q$REVISAO_800H","VIEW","so em PRODUCAO","862",""
"IV_Q$REVISAO_FIM_GARANTIA","VIEW","so em PRODUCAO","878",""
"IV_Q$ROMANEIO_DEV_PECA","VIEW","TEXTO DIFERENTE","879","0"
"IV_Q$SEPARACAO_PEDIDO","VIEW","so em PRODUCAO","1319",""
"IV_Q$SERVICO_EXTERNOS_JD","VIEW","TEXTO DIFERENTE","1054","0"
"IV_Q$SERVICOS_AFERICAO","VIEW","TEXTO DIFERENTE","1518","0"
"IV_Q$SOLICITACAO_TCAT","VIEW","TEXTO DIFERENTE","1617","0"
"IV_Q$TESTE_PRIMEIRO_JD","VIEW","TEXTO DIFERENTE","820","0"
"IV_Q$TESTE1","VIEW","TEXTO DIFERENTE","803","0"
"IV_Q$TESTE2","VIEW","TEXTO DIFERENTE","801","0"
"IV_Q$TICKET_DSI","VIEW","TEXTO DIFERENTE","1007","0"
"IV_Q$VENDA","VIEW","TEXTO DIFERENTE","1629","0"
"IV_Q$VENDA_AMS","VIEW","TEXTO DIFERENTE","2335","0"
"IV_Q$VENDA_CONSORCIO","VIEW","TEXTO DIFERENTE","928","0"
"IV_Q$VENDA_DIRETA","VIEW","so em PRODUCAO","1183",""
"IV_Q$VENDA_DSI","VIEW","TEXTO DIFERENTE","1317","0"
"IV_Q$VENDA_EQUIPAMENTO","VIEW","TEXTO DIFERENTE","2822","0"
"IV_Q$VENDA_LOCACAO","VIEW","TEXTO DIFERENTE","2022","0"
"IV_Q$VENDA_MAQUINA_FY25","VIEW","so em PRODUCAO","2346",""
"IV_Q$VENDA_N","VIEW","TEXTO DIFERENTE","2023","0"
"IV_Q$VENDA_PERDIDA","VIEW","TEXTO DIFERENTE","1250","0"
"IV_Q$VENDA_PERDIDA_FY25","VIEW","so em PRODUCAO","1236",""
"IV_Q$VENDA_PERDIDA_IMPL","VIEW","TEXTO DIFERENTE","1074","0"
"IV_Q$VENDA_PERDIDA_IMPLEM","VIEW","TEXTO DIFERENTE","1079","0"
"IV_Q$VENDA_PERDIDA_JDE","VIEW","TEXTO DIFERENTE","1104","0"
"IV_Q$VENDA_PERDIDA_MANITO","VIEW","TEXTO DIFERENTE","1068","0"
"IV_Q$VENDA_PERDIDA_MAQIMP","VIEW","TEXTO DIFERENTE","1173","0"
"IV_Q$VENDA_PERDIDA_PROD","VIEW","TEXTO DIFERENTE","1154","0"
"IV_Q$VENDA_PERDIDA_SEGURO","VIEW","TEXTO DIFERENTE","1271","0"
"IV_Q$VENDA_PERDIDA_TESTE","VIEW","TEXTO DIFERENTE","1139","0"
"IV_Q$VENDA_PNEUS","VIEW","so em PRODUCAO","938",""
"IV_Q$VENDA_PRECISION_UP","VIEW","TEXTO DIFERENTE","1051","0"
"IV_Q$VENDA_SEMINOVO","VIEW","TEXTO DIFERENTE","1117","0"
"IV_Q$VENDA_SERVICOS_AMS","VIEW","TEXTO DIFERENTE","994","0"
"IV_Q$VENDA_VP_PNEUS","VIEW","so em PRODUCAO","907",""
"IV_Q$VENDAPERDIDA_SEGURO","VIEW","TEXTO DIFERENTE","851","0"
"IV_Q$VENDER_RENOVACAO_SEG","VIEW","TEXTO DIFERENTE","1313","0"
"IV_Q$VISITA_DSI","VIEW","TEXTO DIFERENTE","887","0"
"IV_Q$VISITA_EXP_CLIENTE","VIEW","TEXTO DIFERENTE","1255","0"
"IV_Q$VP_COLHEDORA","VIEW","so em PRODUCAO","1148",""
"IV_Q$VP_COLHEITADEIRA","VIEW","so em PRODUCAO","1217",""
"IV_Q$VP_PLANTADEIRA","VIEW","so em PRODUCAO","1296",""
"IV_Q$VP_PULVERIZADOR","VIEW","so em PRODUCAO","1139",""
"IV_Q$VP_RENOVACAO_SEGURO","VIEW","TEXTO DIFERENTE","851","0"
"IV_Q$VP_SEM_PARTICIPACAO","VIEW","so em PRODUCAO","1163",""
"IV_Q$VP_TRATOR","VIEW","so em PRODUCAO","1221",""
"iv_w3_conglomerado","VIEW","so em PRODUCAO","1537",""
"MINUTOS","SQL_SCALAR_FUNCTION","so em PRODUCAO","565",""
"PR_ACERTA_CARTEIRA","SQL_STORED_PROCEDURE","so em PRODUCAO","1964",""
"PR_ACERTA_CIDADE","SQL_STORED_PROCEDURE","so em PRODUCAO","930",""
"PR_ATU_FORMPRODTOTVS","SQL_STORED_PROCEDURE","so em PRODUCAO","2189",""
"PR_ATU_PROCESSO","SQL_STORED_PROCEDURE","so em PRODUCAO","1324",""
"PR_ATU_STATUS","SQL_STORED_PROCEDURE","so em PRODUCAO","1784",""
"PR_ATU_STATUS_DEPTO","SQL_STORED_PROCEDURE","so em PRODUCAO","7325",""
"PR_ATU_STATUS_DEPTO_PAR","SQL_STORED_PROCEDURE","so em PRODUCAO","6164",""
"PR_ATUALIZA_TITULO_INATIVO","SQL_STORED_PROCEDURE","so em PRODUCAO","373",""
"PR_ATULINK_PESSOA","SQL_STORED_PROCEDURE","so em PRODUCAO","874",""
"PR_COL_ACERTAFONE","SQL_STORED_PROCEDURE","so em PRODUCAO","3290",""
"PR_COL_ACERTAFONEFINAL","SQL_STORED_PROCEDURE","so em PRODUCAO","3868",""
"PR_COL_ATU_LINKS","SQL_STORED_PROCEDURE","so em PRODUCAO","790",""
"PR_COL_ATUCONGLO","SQL_STORED_PROCEDURE","so em PRODUCAO","4596",""
"PR_COL_ATUDECISAO","SQL_STORED_PROCEDURE","so em PRODUCAO","1396",""
"PR_COL_ATULATLONG","SQL_STORED_PROCEDURE","so em PRODUCAO","1714",""
"PR_COL_ATUPALAVRACHAVE","SQL_STORED_PROCEDURE","so em PRODUCAO","1901",""
"PR_COL_ATUPROPRIEDADE","SQL_STORED_PROCEDURE","so em PRODUCAO","3424",""
"PR_COL_MIGCONT","SQL_STORED_PROCEDURE","so em PRODUCAO","14445",""
"PR_COL_MIGCONTCLASSE","SQL_STORED_PROCEDURE","so em PRODUCAO","4317",""
"PR_COL_MIGPESEND","SQL_STORED_PROCEDURE","so em PRODUCAO","4323",""
"PR_COL_MIGPESEND_EXIST","SQL_STORED_PROCEDURE","so em PRODUCAO","4454",""
"PR_COL_MIGPESSOA_ATV","SQL_STORED_PROCEDURE","so em PRODUCAO","10525",""
"PR_COL_MIGPESSOA_EXIST","SQL_STORED_PROCEDURE","so em PRODUCAO","17794",""
"PR_COL_MIGPESSOA_PROSP","SQL_STORED_PROCEDURE","so em PRODUCAO","10500",""
"PR_COL_MIGPROPR","SQL_STORED_PROCEDURE","so em PRODUCAO","7597",""
"PR_COL_MIGPROPR_EXIST","SQL_STORED_PROCEDURE","so em PRODUCAO","7441",""
"PR_COL_MIGRACADASTRO","SQL_STORED_PROCEDURE","so em PRODUCAO","2603",""
"PR_COL_MOVEND","SQL_STORED_PROCEDURE","so em PRODUCAO","7795",""
"PR_COL_MOVPESSOA","SQL_STORED_PROCEDURE","so em PRODUCAO","16828",""
"PR_COL_MOVPROPR","SQL_STORED_PROCEDURE","so em PRODUCAO","12264",""
"PR_INC_OUT_PESSOA","SQL_STORED_PROCEDURE","so em PRODUCAO","7908",""
"PR_INT_FORM_ACOMPVENDA","SQL_STORED_PROCEDURE","so em PRODUCAO","5889",""
"PR_INT_FORM_ACOMPVENDAVD","SQL_STORED_PROCEDURE","so em PRODUCAO","6700",""
"PR_INT_NFS","SQL_STORED_PROCEDURE","so em PRODUCAO","6016",""
"PR_INT_OS","SQL_STORED_PROCEDURE","so em PRODUCAO","8455",""
"PR_INT_OSAB","SQL_STORED_PROCEDURE","so em PRODUCAO","9843",""
"PR_INT_PROPRNFS","SQL_STORED_PROCEDURE","so em PRODUCAO","5068",""
"PR_INTSPR_NFS","SQL_STORED_PROCEDURE","so em PRODUCAO","5728",""
"PR_INTSPR_OS","SQL_STORED_PROCEDURE","so em PRODUCAO","8457",""
"PR_IV_COBERTURA","SQL_STORED_PROCEDURE","so em PRODUCAO","1899",""
"PR_MIG_ACERTA_CIDADE","SQL_STORED_PROCEDURE","so em PRODUCAO","958",""
"PR_MIG_ACERTA_IVSCARTCID","SQL_STORED_PROCEDURE","so em PRODUCAO","878",""
"PR_PROPRIEDADE","SQL_STORED_PROCEDURE","so em PRODUCAO","11645",""
"PR_VTC_INT_VEIC","SQL_STORED_PROCEDURE","so em PRODUCAO","4701",""
"PR_VTC_INTFAMILIA","SQL_STORED_PROCEDURE","so em PRODUCAO","2986",""
"PR_VTC_INTMARCA","SQL_STORED_PROCEDURE","so em PRODUCAO","883",""
"PR_VTC_INTMODELO","SQL_STORED_PROCEDURE","so em PRODUCAO","979",""
"PR_VTC_INTPROPRIEDADE","SQL_STORED_PROCEDURE","so em PRODUCAO","3205",""
"PR_VTC_INTVEICULO","SQL_STORED_PROCEDURE","so em PRODUCAO","9168",""
"PRC_GET_SEQUENCIA_TABELA","SQL_STORED_PROCEDURE","so em PRODUCAO","1483",""
"sp_alterdiagram","SQL_STORED_PROCEDURE","TEXTO DIFERENTE","1565","0"
"sp_atualiza_fones_ge_pessoa","SQL_STORED_PROCEDURE","so em PRODUCAO","7228",""
"sp_creatediagram","SQL_STORED_PROCEDURE","TEXTO DIFERENTE","1280","0"
"sp_dropdiagram","SQL_STORED_PROCEDURE","TEXTO DIFERENTE","936","0"
"sp_helpdiagramdefinition","SQL_STORED_PROCEDURE","TEXTO DIFERENTE","960","0"
"sp_helpdiagrams","SQL_STORED_PROCEDURE","TEXTO DIFERENTE","688","0"
"sp_renamediagram","SQL_STORED_PROCEDURE","TEXTO DIFERENTE","1782","0"
"sp_upgraddiagrams","SQL_STORED_PROCEDURE","so em PRODUCAO","1522",""
"SYSCOLUMN","VIEW","TEXTO DIFERENTE","615","0"
"SYSTABLE","VIEW","TEXTO DIFERENTE","479","0"
"tba_clientes","VIEW","TEXTO DIFERENTE","1128","0"
"tba_usuarios","VIEW","so em PRODUCAO","236",""
"teste_felipe","VIEW","TEXTO DIFERENTE","5796","0"
"TESTE_proc","SQL_STORED_PROCEDURE","so em PRODUCAO","278",""
"toChar","SQL_SCALAR_FUNCTION","so em PRODUCAO","154",""
"Trunc_Date","SQL_SCALAR_FUNCTION","so em PRODUCAO","157",""
"V_C5SYSCOLUMN","VIEW","TEXTO DIFERENTE","250","0"
"V_C5SYSCONSTRAINT","VIEW","TEXTO DIFERENTE","527","0"
"V_C5SYSINDEX","VIEW","TEXTO DIFERENTE","743","0"
"V_C5SYSPK","VIEW","TEXTO DIFERENTE","2441","0"
"V_C5SYSREFERENCE","VIEW","TEXTO DIFERENTE","195","0"
"V_C5SYSTABLE","VIEW","TEXTO DIFERENTE","163","0"
"V_UTIL_TELEFONES_CONTATOS","VIEW","so em PRODUCAO","7407",""
"VBI$CONTA","VIEW","TEXTO DIFERENTE","1228","0"
"VBI$CONTAFAM","VIEW","TEXTO DIFERENTE","959","0"
"vrtc_f_aliastablelogget","SQL_SCALAR_FUNCTION","so em PRODUCAO","3595",""
"vrtc_p_atualizar_data_ultimo_contato","SQL_STORED_PROCEDURE","so em PRODUCAO","3358",""
"vrtc_p_atualizar_data_ultimo_contatoExterno","SQL_STORED_PROCEDURE","so em PRODUCAO","3181",""
"vrtc_p_logtableset","SQL_STORED_PROCEDURE","so em PRODUCAO","5692",""
"VTC_Gera_REL_TBA101","SQL_STORED_PROCEDURE","so em PRODUCAO","16724",""
"VTC_P_GERAAGUARDENTREGA","SQL_STORED_PROCEDURE","so em PRODUCAO","13571",""
"VTC_P_GERAAPROVACAO","SQL_STORED_PROCEDURE","so em PRODUCAO","13475",""
"VTC_P_GERACONDPAGTO","SQL_STORED_PROCEDURE","so em PRODUCAO","13818",""
"VTC_P_Historico","SQL_STORED_PROCEDURE","so em PRODUCAO","3566",""
"VTC_P_INSERE_EMAIL_CART","SQL_STORED_PROCEDURE","so em PRODUCAO","3768",""
"VTC_P_INSERE_FONE_CART","SQL_STORED_PROCEDURE","so em PRODUCAO","7960",""
"VTC_P_INSERE_PROPR_CART","SQL_STORED_PROCEDURE","so em PRODUCAO","3131",""
"VTC_T_AUDITORIA","SQL_TRIGGER","TEXTO DIFERENTE","8922","0"
"VW_REL_TBA101","VIEW","so em PRODUCAO","6120",""
"X_BI_PROSPECCAO_MAQUINAS_BASE_FATURAMENTO","SQL_STORED_PROCEDURE","so em PRODUCAO","4797",""
"X_BI_PROSPECCAO_MAQUINAS_FATURAMENTO","SQL_STORED_PROCEDURE","so em PRODUCAO","5216",""
"X_BI_PROSPECCAO_MAQUINAS_PEDIDO","SQL_STORED_PROCEDURE","so em PRODUCAO","5103",""
"X_CRM_BI_CONGLOMERADO","VIEW","TEXTO DIFERENTE","1395","0"
"X_CRM_BI_FATURAMENTO_PECA_CARTEIRA","VIEW","TEXTO DIFERENTE","4660","0"
"X_CRM_BI_FUNIL_PECA_CARTEIRA","VIEW","TEXTO DIFERENTE","8984","0"
"X_CRM_BI_FUNIL_PECA_CLASSE","VIEW","TEXTO DIFERENTE","6563","0"
"X_P_EXE_INTEGRACOES_TOTVS_CRM","SQL_STORED_PROCEDURE","so em PRODUCAO","730",""
"X_P_IMP_CRM_NF_POS_VENDA","SQL_STORED_PROCEDURE","so em PRODUCAO","10989",""
"X_P_IMP_CRM_TITULO","SQL_STORED_PROCEDURE","so em PRODUCAO","6524",""
"X_P_REL_001","SQL_STORED_PROCEDURE","so em PRODUCAO","10078",""
"X_TOTVS_ATUA_BI_FATURAMENTO_POS_VENDAS","SQL_STORED_PROCEDURE","so em PRODUCAO","10425",""
"X_TOTVS_ATUA_BI_FATURAMENTO_POS_VENDAS_N","SQL_STORED_PROCEDURE","so em PRODUCAO","6232",""
"X_TOTVS_ATUA_CRM_FATURAMENTO","SQL_STORED_PROCEDURE","so em PRODUCAO","31062",""
"X_TOTVS_ATUALIZA_BI_FATURAMENTO_MAQUINAS","SQL_STORED_PROCEDURE","so em PRODUCAO","3419",""
"X_V_BI_DESPESAS_VENDA_MAQUINAS","VIEW","TEXTO DIFERENTE","27300","0"
"X_V_CRM_IMP_IMP_NFS","VIEW","TEXTO DIFERENTE","5296","0"
"X_V_CRM_IMP_NFSItem","VIEW","TEXTO DIFERENTE","4141","0"
"ZZ_IV$NFITEM","VIEW","TEXTO DIFERENTE","578","0"
"ZZ_IV$NFSAIDA","VIEW","TEXTO DIFERENTE","758","0"
"ZZ_IV$NFSCMPL","VIEW","TEXTO DIFERENTE","286","0"
"ZZ_IV$OrdemServico","VIEW","TEXTO DIFERENTE","1470","0"
"ZZ_IV$OSItem","VIEW","TEXTO DIFERENTE","434","0"
"ZZ_IV$OSSolicitacao","VIEW","TEXTO DIFERENTE","332","0"
"IV$AGENDAECIENCIA","VIEW","so em HOMOLOGACAO","","0"
"IV$DADOS_PESSOALINK","VIEW","so em HOMOLOGACAO","","0"
"vrtc_f_ObterScriptsPKFK","SQL_INLINE_TABLE_VALUED_FUNCTION","so em HOMOLOGACAO","","0"
