"tabela","coluna","motivo"
"EXT_EMAIL","INDEMUSO","tabela vazia"
"EXT_EMAIL","INDPREFERENCIAL","tabela vazia"
"EXT_EMAIL","INDUSOMKT","tabela vazia"
"EXT_EMAIL","INDUSOPESSOAL","tabela vazia"
"EXT_EMAIL","STATUSIMP","tabela vazia"
"EXT_Pedido","AtivoReceptivo","tabela vazia"
"EXT_Pedido","Status","tabela vazia"
"EXT_Pedido","IndEstRservado","tabela vazia"
"EXT_Pedido","IndEnvioERP","tabela vazia"
"EXT_Pedido","ExigeAssinatura","tabela vazia"
"EXT_Pedido","EntradaSaida","tabela vazia"
"EXT_Pedido","TipoEntrega","tabela vazia"
"EXT_Pedido","TipoFrete","tabela vazia"
"EXT_Pedido","STATUSCMPL","tabela vazia"
"EXT_PedidoItem","IndEstRservado","tabela vazia"
"EXT_PedidoItem","Status","tabela vazia"
"EXT_PedidoItem","IndSugestao","tabela vazia"
"EXT_Pessoa","TipoLogradouro","mais de 30 valores distintos"
"EXT_Pessoa_bkpago22","Status","tabela de backup/teste"
"EXT_Pessoa_bkpago22","FisicaJuridica","tabela de backup/teste"
"EXT_Pessoa_bkpago22","SEXO","tabela de backup/teste"
"EXT_Pessoa_bkpago22","UF","tabela de backup/teste"
"EXT_Pessoa_bkpago22","TipoLogradouro","tabela de backup/teste"
"EXT_Pessoa_bkpago22","UFEmissor","tabela de backup/teste"
"EXT_Pessoa_bkpago22","StatusIMP","tabela de backup/teste"
"EXT_Pessoa_bkpago22","CLASSES","tabela de backup/teste"
"EXT_Pessoa_bkpago22","SITUACAOCREDITO","tabela de backup/teste"
"EXT_Pessoa_bkpago22","STATUSSINTEGRA","tabela de backup/teste"
"EXT_PESSOACONTATO","SEXO","tabela vazia"
"EXT_PESSOACONTATO","TIPOCONTATO","tabela vazia"
"EXT_PESSOACONTATO","STATUSIMPSP","tabela vazia"
"EXT_PESSOACONTATO","STATUSIMP","tabela vazia"
"EXT_PESSOACONTATO","INDWHATSAPPF1","tabela vazia"
"EXT_PESSOACONTATO","INDWHATSAPPF2","tabela vazia"
"EXT_PESSOAFONE","OPERACAO","tabela vazia"
"EXT_PESSOAFONE","TIPOFONE","tabela vazia"
"EXT_PESSOAFONE","INDUSOMKT","tabela vazia"
"EXT_PESSOAFONE","INDFONEPREF","tabela vazia"
"EXT_PESSOAFONE","INDEMUSO","tabela vazia"
"EXT_PESSOAFONE","INDWHATSAPP","tabela vazia"
"EXT_PESSOAFONE","STATUSIMP","tabela vazia"
"EXT_Titulo_bkp_11_04","TipoCobranca","tabela de backup/teste"
"EXT_Titulo_bkp_11_04","IndAtivo","tabela de backup/teste"
"EXT_Titulo_bkp_11_04","IndQuitado","tabela de backup/teste"
"EXT_Titulo_bkp_11_04","IndCobrJuridica","tabela de backup/teste"
"EXT_Titulo_bkp_11_04","Status","tabela de backup/teste"
"EXT_Titulo_BKP_22_03_2023","TipoCobranca","tabela de backup/teste"
"EXT_Titulo_BKP_22_03_2023","IndAtivo","tabela de backup/teste"
"EXT_Titulo_BKP_22_03_2023","IndQuitado","tabela de backup/teste"
"EXT_Titulo_BKP_22_03_2023","IndCobrJuridica","tabela de backup/teste"
"EXT_Titulo_BKP_22_03_2023","Status","tabela de backup/teste"
"EXT_Titulo_BKP_22_03_2023_BAIXADOS","TipoCobranca","tabela de backup/teste"
"EXT_Titulo_BKP_22_03_2023_BAIXADOS","IndAtivo","tabela de backup/teste"
"EXT_Titulo_BKP_22_03_2023_BAIXADOS","IndQuitado","tabela de backup/teste"
"EXT_Titulo_BKP_22_03_2023_BAIXADOS","IndCobrJuridica","tabela de backup/teste"
"EXT_Titulo_BKP_22_03_2023_BAIXADOS","Status","tabela de backup/teste"
"EXT_VeicAgd","IndDtaAgendaConf","tabela vazia"
"EXT_VeicAgd","StatusFinal","tabela vazia"
"EXT_VeicAgd","IndAgdAvulso","tabela vazia"
"EXT_VeicAgd","Gerador","tabela vazia"
"EXT_VEICAGDERP","TIPOAGD","tabela vazia"
"EXT_VEICAGDERP","INDEMABERTO","tabela vazia"
"EXT_VeicAvalia","Status","tabela vazia"
"EXT_VeicPlanoMnFX","Gerador","tabela vazia"
"GE_CampoExig","Tipo","tabela vazia"
"GE_CFinConj","OcpFoneDDD","tabela vazia"
"GE_CFinConj","OcpUF","tabela vazia"
"GE_CFinFis","Situacao","tabela vazia"
"GE_CFinFis","OcpFoneDDD","tabela vazia"
"GE_CFinFis","OcpUF","tabela vazia"
"GE_CFinFis","OcpAFoneDDD","tabela vazia"
"GE_CFinFis","TipDocExigido","tabela vazia"
"GE_CFinFis","OcpFisicaJuridica","tabela vazia"
"GE_CFinRPes","TipoRelacSeqPar","tabela vazia"
"GE_CFinRPes","Fone1DDD","tabela vazia"
"GE_CFinRPes","Fone2DDD","tabela vazia"
"GE_Cidade","Uf","mais de 30 valores distintos"
"GE_Cidade_BKPJUN","Uf","tabela de backup/teste"
"GE_Cidade_BKPJUN","ExgBairro","tabela de backup/teste"
"GE_Cidade_BKPJUN","ExgLogradouro","tabela de backup/teste"
"GE_Cidade_BKPJUN","INDDESCARTADDD","tabela de backup/teste"
"GE_CONSVAR","TIPODADO","tabela vazia"
"GE_Contato","TipoContato","mais de 30 valores distintos"
"GE_Contato_BKPJUN","TipoContato","tabela de backup/teste"
"GE_Contato_BKPJUN","Sexo","tabela de backup/teste"
"GE_Contato_BKPJUN","EstadoCivil","tabela de backup/teste"
"GE_Contato_BKPJUN","NivelDecisao","tabela de backup/teste"
"GE_Contato_BKPJUN","Posicionamento","tabela de backup/teste"
"GE_Contato_BKPJUN","INDWHATSAPPF1","tabela de backup/teste"
"GE_Contato_BKPJUN","INDWHATSAPPF2","tabela de backup/teste"
"GE_Contato_BKPJUN","INDWHATSAPPFX","tabela de backup/teste"
"GE_Contato_ITA","TipoContato","tabela de backup/teste"
"GE_Contato_ITA","Sexo","tabela de backup/teste"
"GE_Contato_ITA","EstadoCivil","tabela de backup/teste"
"GE_Contato_ITA","NivelDecisao","tabela de backup/teste"
"GE_Contato_ITA","Posicionamento","tabela de backup/teste"
"GE_Contato_ITA","INDWHATSAPPF1","tabela de backup/teste"
"GE_Contato_ITA","INDWHATSAPPF2","tabela de backup/teste"
"GE_Contato_ITA","INDWHATSAPPFX","tabela de backup/teste"
"GE_CONTATOAPP","INDATIVO","tabela vazia"
"GE_CTRLMU","INDATIVO","tabela vazia"
"GE_CTRLMU","INDTEMPORARIO","tabela vazia"
"GE_FCadConj","OcpTipo","tabela vazia"
"GE_FCadConj","OcpUF","tabela vazia"
"GE_FCadConj","Ocp2UF","tabela vazia"
"GE_FCadF","Situacao","tabela vazia"
"GE_FCadF","OcpTipo","tabela vazia"
"GE_FCadF","OcpUF","tabela vazia"
"GE_FCadF","Ocp2UF","tabela vazia"
"GE_FCadF","MorTipo","tabela vazia"
"GE_FCadInstCred","TipoFcad","tabela vazia"
"GE_FCadInstCred","PendCheque","tabela vazia"
"GE_FCadInstCred","Protesto","tabela vazia"
"GE_FCadInstCred","Acao","tabela vazia"
"GE_FCadInstCred","Pontual","tabela vazia"
"GE_FcadRBanc","TipoFcad","tabela vazia"
"GE_FcadRCom","TipoFcad","tabela vazia"
"GE_FcadRCom","TipoRef","tabela vazia"
"GE_FcadRCom","CnfPontual","tabela vazia"
"GE_FCadRPes","UF","tabela vazia"
"GE_FCadRPes","IndAssinaEmpr","tabela vazia"
"GE_FCadRPes","EstadoCivil","tabela vazia"
"GE_FERIADO","INDFIXO","tabela vazia"
"GE_FERIADO","TIPO","tabela vazia"
"GE_Grafico","Tipo","tabela vazia"
"GE_IntCtrl","Tipo","tabela vazia"
"GE_IntCtrl","Ind1","tabela vazia"
"GE_IntCtrl","Ind2","tabela vazia"
"GE_LOG_CARTCRED","NIVEL","tabela vazia"
"GE_LogAtividade","Tipo","tabela vazia"
"GE_Membro_BKP20250520","INDATIVO","tabela de backup/teste"
"GE_Pessoa","Uf","mais de 30 valores distintos"
"GE_Pessoa","TipoLogradouro","mais de 30 valores distintos"
"GE_Pessoa","UFEmissor","mais de 30 valores distintos"
"GE_Pessoa_BKP28052025","Status","tabela de backup/teste"
"GE_Pessoa_BKP28052025","FisicaJuridica","tabela de backup/teste"
"GE_Pessoa_BKP28052025","Sexo","tabela de backup/teste"
"GE_Pessoa_BKP28052025","Uf","tabela de backup/teste"
"GE_Pessoa_BKP28052025","TipoLogradouro","tabela de backup/teste"
"GE_Pessoa_BKP28052025","UFEmissor","tabela de backup/teste"
"GE_Pessoa_BKP28052025","IndContribICMS","tabela de backup/teste"
"GE_Pessoa_BKPJUN","Status","tabela de backup/teste"
"GE_Pessoa_BKPJUN","FisicaJuridica","tabela de backup/teste"
"GE_Pessoa_BKPJUN","Sexo","tabela de backup/teste"
"GE_Pessoa_BKPJUN","Uf","tabela de backup/teste"
"GE_Pessoa_BKPJUN","TipoLogradouro","tabela de backup/teste"
"GE_Pessoa_BKPJUN","UFEmissor","tabela de backup/teste"
"GE_Pessoa_BKPJUN","IndContribICMS","tabela de backup/teste"
"GE_Pessoa_ITA","Status","tabela de backup/teste"
"GE_Pessoa_ITA","FisicaJuridica","tabela de backup/teste"
"GE_Pessoa_ITA","Sexo","tabela de backup/teste"
"GE_Pessoa_ITA","Uf","tabela de backup/teste"
"GE_Pessoa_ITA","TipoLogradouro","tabela de backup/teste"
"GE_Pessoa_ITA","UFEmissor","tabela de backup/teste"
"GE_Pessoa_ITA","IndContribICMS","tabela de backup/teste"
"GE_PessoaAlt","Status","tabela vazia"
"GE_PessoaAlt","FisicaJuridica","tabela vazia"
"GE_PessoaAlt","SEXO","tabela vazia"
"GE_PessoaAlt","UF","tabela vazia"
"GE_PessoaAlt","TipoLogradouro","tabela vazia"
"GE_PessoaAlt","UFEmissor","tabela vazia"
"GE_PessoaAlt","IndContribICMS","tabela vazia"
"GE_PessoaDel","Status","tabela vazia"
"GE_PessoaDel","FisicaJuridica","tabela vazia"
"GE_PessoaDel","SEXO","tabela vazia"
"GE_PessoaDel","UF","tabela vazia"
"GE_PessoaDel","TipoLogradouro","tabela vazia"
"GE_PessoaDel","UFEmissor","tabela vazia"
"GE_PessoaDel","IndContribICMS","tabela vazia"
"GE_PessoaDestino","IndEnvia","tabela vazia"
"GE_PessoaEnd","TipoLogradouro","mais de 30 valores distintos"
"GE_PessoaEnd_BKPJUN","TipoEndereco","tabela de backup/teste"
"GE_PessoaEnd_BKPJUN","Uf","tabela de backup/teste"
"GE_PessoaEnd_BKPJUN","TipoLogradouro","tabela de backup/teste"
"GE_PessoaEnd_ITA","TipoEndereco","tabela de backup/teste"
"GE_PessoaEnd_ITA","Uf","tabela de backup/teste"
"GE_PessoaEnd_ITA","TipoLogradouro","tabela de backup/teste"
"GE_PessoaEndAlt","TipoLogradouro","tabela vazia"
"GE_PessoaFone_BKPJUN","TipoFoneSeqPar","tabela de backup/teste"
"GE_PessoaFone_BKPJUN","IndFonePref","tabela de backup/teste"
"GE_PessoaFone_BKPJUN","INDEMUSO","tabela de backup/teste"
"GE_PessoaFone_BKPJUN","INDUSOMKT","tabela de backup/teste"
"GE_PessoaFone_BKPJUN","INDWHATSAPP","tabela de backup/teste"
"GE_PessoaFone_ITA","TipoFoneSeqPar","tabela de backup/teste"
"GE_PessoaFone_ITA","IndFonePref","tabela de backup/teste"
"GE_PessoaFone_ITA","INDEMUSO","tabela de backup/teste"
"GE_PessoaFone_ITA","INDUSOMKT","tabela de backup/teste"
"GE_PessoaFone_ITA","INDWHATSAPP","tabela de backup/teste"
"GE_PessoaPasw","TrocarSenha","tabela vazia"
"GE_PESSOAREDESOCIAL","INDEMUSO","tabela vazia"
"GE_PessoaRelacao_BKPJUN","TipoRelacionamento","tabela de backup/teste"
"GE_PessoaRelacao_ITA","TipoRelacionamento","tabela de backup/teste"
"GE_PROCESSOWEB","INDAGUARDUSUEXT","tabela vazia"
"GE_RELTEMPLATE","TIPO","tabela vazia"
"GE_TipoLogradouro","TipoLogradouro","mais de 30 valores distintos"
"GE_UsrAcSp","Tipo","tabela vazia"
"GE_Usuario_BKP20250520","TipoUsuario","tabela de backup/teste"
"GE_Usuario_BKP20250520","RegistrarLog","tabela de backup/teste"
"GE_Usuario_BKP20250520","INDSILO","tabela de backup/teste"
"GE_Usuario_BKP20250520","TIPOSILO","tabela de backup/teste"
"GE_Usuario_BKP20250520","INDUSREXT","tabela de backup/teste"
"GE_UsuarioPerm_BKPJUN","Permissao","tabela de backup/teste"
"GEP_EMailSend","Status","tabela vazia"
"GEP_EMailSend","ORIGEM","tabela vazia"
"GEP_Import_bkpjun","Acao","tabela de backup/teste"
"GEP_Import_bkpjun","Separador","tabela de backup/teste"
"GEP_Import_bkpjun","Status","tabela de backup/teste"
"GEP_JOBNOTIFICAR","IndENVEMAIL","tabela vazia"
"GEP_JOBNOTIFICAR","IndENVSMS","tabela vazia"
"GEP_JOBNOTIFICAR","IndENVCRM","tabela vazia"
"GEP_JOBNOTIFICAR","IndENVREDESOC","tabela vazia"
"GEP_JOBNOTIFICAR","IndEXECUCAO","tabela vazia"
"GEP_JOBNOTIFICAR","IndERRO","tabela vazia"
"GEP_JOBNOTIFICAR","IndADVERTENCIA","tabela vazia"
"GEP_JOBNOTIFICAR","IndGERARESULTADO","tabela vazia"
"GEP_Notificar","InterVISION","tabela vazia"
"GEP_PABX","Tipo","tabela vazia"
"GEP_ProcImport","ACAO","tabela vazia"
"GEP_ProcImport","TAG","tabela vazia"
"GEP_ProcImport","Status","tabela vazia"
"IV_ACAOANEXA","INDINTERATIVO","tabela vazia"
"IV_ACAOANEXA","INDOBRIGATORIO","tabela vazia"
"IV_ACAOANEXA","INDATUALIZA","tabela vazia"
"IV_ACAOANEXA","INDRECRIA","tabela vazia"
"IV_AcaoAutoCtrl","Tipo","tabela vazia"
"IV_AcaoMon","TpMon","tabela vazia"
"IV_AcaoMon","ResProd","tabela vazia"
"IV_AcaoMon","ResImprod","tabela vazia"
"IV_AcaoMon","ResEncer","tabela vazia"
"IV_AGDPLANACAO","INDGRUPOTODO","tabela vazia"
"IV_AGDPLANTRG","TIPODIA","tabela vazia"
"IV_AGDPLANTRG","DIAESPECIAL","tabela vazia"
"IV_AGDPLANTRG","INDCOMPROMISSO","tabela vazia"
"IV_AGDPLANTRG","INDSABADOUTIL","tabela vazia"
"IV_AGDPLANTRG","INDDOMINGOUTIL","tabela vazia"
"IV_AgdRec","TipoAgdRec","tabela vazia"
"IV_AgdRec","Status","tabela vazia"
"IV_Agenda_bkp20250717","TipoAgendamento","tabela de backup/teste"
"IV_Agenda_bkp20250717","TarefaCompromisso","tabela de backup/teste"
"IV_Agenda_bkp20250717","Status","tabela de backup/teste"
"IV_Agenda_bkp20250717","Classe","tabela de backup/teste"
"IV_Agenda_bkp20250717","TipoAcesso","tabela de backup/teste"
"IV_Agenda_bkp20250717","Realizada","tabela de backup/teste"
"IV_Agenda_bkp20250717","RevisarHistorico","tabela de backup/teste"
"IV_AGENDAITEM","STATUS","tabela vazia"
"IV_Ativ","TipoFaturamento","tabela vazia"
"IV_Ativ","Status","tabela vazia"
"IV_AtivProc","IndFatBonif","tabela vazia"
"IV_BonusCC","TipoLcto","tabela vazia"
"IV_CampPesMsg","Status","tabela vazia"
"IV_CampPesMsg","StatusMsg","tabela vazia"
"IV_CampPesMsg","IndSpam","tabela vazia"
"IV_CampPesMsg","IndDescadastro","tabela vazia"
"IV_CampPesMsg","IndEntregue","tabela vazia"
"IV_CampPesMsg","IndEnviado","tabela vazia"
"IV_CampPesMsg","IndLido","tabela vazia"
"IV_CampPesMsg","IndClique","tabela vazia"
"IV_CampPesMsg","IndErro","tabela vazia"
"IV_CAMPSELECAO","STATUS","tabela vazia"
"IV_CampVoucher","IndUso","tabela vazia"
"IV_CartContratante","IndUsoEmProposta","tabela vazia"
"IV_CartContratante","IndProdutoPadrao","tabela vazia"
"IV_CartCred","Situacao","tabela vazia"
"IV_CartCred","Tipo","tabela vazia"
"IV_CartCred","TipoRelacSeqPar","tabela vazia"
"IV_CartCred","Sexo","tabela vazia"
"IV_CartCred","RGUFEmissao","tabela vazia"
"IV_CartCred","CVV","tabela vazia"
"IV_CartLoteCartao","IndImpressaoOk","tabela vazia"
"IV_CartLoteImp","TipoLote","tabela vazia"
"IV_CartLoteImp","Situacao","tabela vazia"
"IV_CARTPESSOA","RGUFEMISSOR","tabela vazia"
"IV_CARTPESSOA","CARTTRABUF","tabela vazia"
"IV_CARTPESSOA","UF","tabela vazia"
"IV_CARTPESSOA","NATUF","tabela vazia"
"IV_CARTPESSOA","OCPFISICAJURIDICA","tabela vazia"
"IV_CARTPESSOA","SEXO","tabela vazia"
"IV_CARTPESSOA","INDPROCESSADO","tabela vazia"
"IV_CARTPESSOA","TIPODOCTOEXIGIDO","tabela vazia"
"IV_CARTPESSOA","ABORDAGEMTIPO","tabela vazia"
"IV_CartProduto","IndAltDadoAprovacao","tabela vazia"
"IV_CartProposta","SituacaoSeqPar","tabela vazia"
"IV_CartProposta","TipoEndCorresp","tabela vazia"
"IV_CartProposta","IndRecusaCliente","tabela vazia"
"IV_CartProposta","INDRETPROCESSADO","tabela vazia"
"IV_CartProposta","INDRETPROPPROCESSADO","tabela vazia"
"IV_CbrTitulo","IndNaoCobravel","tabela vazia"
"IV_ClasseRes","Classe","mais de 30 valores distintos"
"IV_ClientePropr_BKPJUN","Ativo","tabela de backup/teste"
"IV_ClientePropr_ITA","Ativo","tabela de backup/teste"
"IV_CobrCritDef","TipoCobr","tabela vazia"
"IV_CobrTit","Status","tabela vazia"
"IV_EMAILESTATISTICA","INDSPAM","tabela vazia"
"IV_EMAILESTATISTICA","INDDESCADASTRO","tabela vazia"
"IV_EMAILESTATISTICA","INDENTREGUE","tabela vazia"
"IV_EMAILESTATISTICA","INDENVIADO","tabela vazia"
"IV_EMAILESTATISTICA","INDLIDO","tabela vazia"
"IV_EMAILESTATISTICA","INDCLIQUE","tabela vazia"
"IV_EMAILESTATISTICA","INDERRO","tabela vazia"
"IV_ESTRPRODUTO","TIPOESTRUTURA","tabela vazia"
"IV_EventoAcao","AttdeHaAndamento","tabela vazia"
"IV_EventoAcao","AttdeNaoHaAndamento","tabela vazia"
"IV_FichaNegVeic","TipoVeiculo","tabela vazia"
"IV_FichaNegVeic","TipoPgto","tabela vazia"
"IV_FichaNegVeic","NovoUsado","tabela vazia"
"IV_FichaNegVeic","ApresentDinamica","tabela vazia"
"IV_FichaNegVeic","ApresentEstatica","tabela vazia"
"IV_FichaNegVeic","IndVeicUsadoTroca","tabela vazia"
"IV_FichaNegVeic","UsadoCombustivel","tabela vazia"
"IV_FichaNegVeic","Combustivel","tabela vazia"
"IV_FichaNegVeic","TIPOVENDA","tabela vazia"
"IV_FichaNegVeic","USADOCOMBUSTIVEL2","tabela vazia"
"IV_FoneCtrl","Status","tabela vazia"
"IV_FoneCtrl2","Status","tabela vazia"
"IV_LEADFACEBOOK","ESTADO","tabela vazia"
"IV_LEADFACEITEM","TIPODADO","tabela vazia"
"IV_ObjFlow","TipoObj","mais de 30 valores distintos"
"IV_OS","TIPOOS","tabela vazia"
"IV_OS","STATUS","tabela vazia"
"IV_OS","STATUSDESC","tabela vazia"
"IV_OS","TIPOVALOR","tabela vazia"
"IV_OS","TIPOFATURAMENTO","tabela vazia"
"IV_PAREVTEXTRES","TIPOPRODUTO","tabela vazia"
"IV_PAREVTEXTRES","TIPOOUTRO","tabela vazia"
"IV_PlanoAtiv","Tipo","tabela vazia"
"IV_ProcAtiv","IndFechado","tabela vazia"
"IV_Processo","Status","mais de 30 valores distintos"
"IV_Processo","StatusDesc","mais de 30 valores distintos"
"IV_Processo_bkp20250717","Status","tabela de backup/teste"
"IV_Processo_bkp20250717","StatusDesc","tabela de backup/teste"
"IV_ProcProduto","STATUS","mais de 30 valores distintos"
"IV_ProcResultado","Status","mais de 30 valores distintos"
"IV_ProcSt","Status","mais de 30 valores distintos"
"IV_ProcStatMonit","Status","mais de 30 valores distintos"
"IV_Projeto","Tipo","tabela vazia"
"IV_Projeto","Status","tabela vazia"
"IV_Propriedade_BKPJUN","MostraRef","tabela de backup/teste"
"IV_Propriedade_BKPJUN","Usacomplemento","tabela de backup/teste"
"IV_Propriedade_BKPJUN","TipoRefVinculado","tabela de backup/teste"
"IV_Propriedade_ITA","MostraRef","tabela de backup/teste"
"IV_Propriedade_ITA","Usacomplemento","tabela de backup/teste"
"IV_Propriedade_ITA","TipoRefVinculado","tabela de backup/teste"
"IV_PropriLista_ITA","Campo","tabela de backup/teste"
"IV_PropriListaLk","Campo","tabela vazia"
"IV_PUSH","STATUS","tabela vazia"
"IV_PUSH","STATUSMSG","tabela vazia"
"IV_Recurso","Tipo","tabela vazia"
"IV_SegPerfil","EVendedor","tabela vazia"
"IV_SegPerfil","IncHistorico","tabela vazia"
"IV_SegPerfil","IncHistRetr","tabela vazia"
"IV_SegPerfil","IncHistAgConcl","tabela vazia"
"IV_SegPerfil","AltHistorico","tabela vazia"
"IV_SegPerfil","ExcHistorico","tabela vazia"
"IV_SegPerfil","IncAgenda","tabela vazia"
"IV_SegPerfil","AltAgenda","tabela vazia"
"IV_SegPerfil","ExcAgenda","tabela vazia"
"IV_SegPerfil","VerAgenda","tabela vazia"
"IV_SegPerfil","ConcAgenda","tabela vazia"
"IV_SegPerfil","AltOperAgenda","tabela vazia"
"IV_SegPerfil","AltOperAgdReag","tabela vazia"
"IV_SegPerfil","ConcAgeVendor","tabela vazia"
"IV_SegPerfil","ReativarAgenda","tabela vazia"
"IV_SegPerfil","AnalisarHistorico","tabela vazia"
"IV_SegPerfil","AbreAnalise","tabela vazia"
"IV_SegPerfil","Alteragrupo","tabela vazia"
"IV_SegPerfil","AlteraCodImport","tabela vazia"
"IV_SegPerfil","AlteraRegiao","tabela vazia"
"IV_SegPerfil","AlteraVendedor","tabela vazia"
"IV_SegPerfil","AlteraClienteAtivo","tabela vazia"
"IV_SegPerfil","AlteraStatus","tabela vazia"
"IV_TC_PESSOA","TIPO_DE_EQUIPAMENTO","tabela vazia"
"IV_TpPgto","TipoPgto","tabela vazia"
"IV_TpPgto","VistaPrazo","tabela vazia"
"IV_TpPgto","TpCadastro","tabela vazia"
"IV_URADISPARO","STATUS","tabela vazia"
"IV_URADISPARO","STATUSDESC","tabela vazia"
"IV_URARELATORIO","STATUS_GROUPNAME","tabela vazia"
"IV_URARELATORIO","STATUS_NAME","tabela vazia"
"IV_URARELATORIO","STATUS_DESCRIPTION","tabela vazia"
"IV_USRPUSH","STATUS","tabela vazia"
"IV_USRPUSH","STATUSMSG","tabela vazia"
"IV_WHATSAPP","ORIGEM","tabela vazia"
"IV_WHATSAPP","INDENVIAQLQERHORA","tabela vazia"
"IV_WHATSAPP","INDENVIADO","tabela vazia"
"IV_WHATSAPP","INDENVIOOK","tabela vazia"
"IVF_Acordo","TipoAcordo","tabela vazia"
"IVF_Financeira","AnoReferencia","tabela vazia"
"IVF_Financeira","IndPref","tabela vazia"
"IVF_Financeira","IndPrefUsado","tabela vazia"
"IVF_Financeira","IndSemSegPrest","tabela vazia"
"IVF_Financeira","IndUsaILA","tabela vazia"
"IVF_Financeira","IndSegPrestExt","tabela vazia"
"IVF_Financeira","TipoSegGarExt","tabela vazia"
"IVF_FinancEmpr","IndUsaILARet","tabela vazia"
"IVF_FinancEmpr","IndUsaILAAcor","tabela vazia"
"IVF_FinancImpTx","Separador","tabela vazia"
"IVF_Molicar","Porte","tabela vazia"
"IVF_Molicar","Origem","tabela vazia"
"IVF_Molicar","Cambio","tabela vazia"
"IVF_PlanoIndic","TipoIndic","tabela vazia"
"IVF_Proposta","IndUltAnalise","tabela vazia"
"IVF_Proposta","IndRecebida","tabela vazia"
"IVF_Proposta","IndDefinida","tabela vazia"
"IVF_Proposta","IndAvaliadaMesa","tabela vazia"
"IVF_Proposta","IndAvaliadaFinanc","tabela vazia"
"IVF_Proposta","IndAprovada","tabela vazia"
"IVF_Proposta","IndRecusada","tabela vazia"
"IVF_Proposta","IndDescartada","tabela vazia"
"IVF_Proposta","IndVendaPerdida","tabela vazia"
"IVF_Proposta","IndUtilizada","tabela vazia"
"IVF_Proposta","IndReanaliseMesa","tabela vazia"
"IVF_Proposta","IndResgTempo","tabela vazia"
"IVF_Proposta","Situacao","tabela vazia"
"IVF_Proposta","IndEmTrabalho","tabela vazia"
"IVF_Proposta","IndIgnoraTempoFin","tabela vazia"
"IVF_PropostaHst","Situacao","tabela vazia"
"IVF_PropostaResult","Tipo","tabela vazia"
"IVF_Tabela","TipoPlano","tabela vazia"
"IVF_Tabela","NovoUsado","tabela vazia"
"IVF_Tabela","IndPlanoEspecial","tabela vazia"
"IVF_Tabela","IndFiltro","tabela vazia"
"IVF_Tabela","IndUsoRestrito","tabela vazia"
"IVF_TabIndice","TipoIndice","tabela vazia"
"IVF_TabIndice","Indice","tabela vazia"
"IVF_TpAgrPessoa","BaseFechamento","tabela vazia"
"IVS_Pes_RAO_Pneus_02_03","Status","tabela de backup/teste"
"IVS_Pes_RAO_Pneus_02_03","Situacao","tabela de backup/teste"
"IVS_Pes_RAO_Pneus_02_03","Potencial","tabela de backup/teste"
"IVS_Pes_RAO_Pneus_02_03","Classe","tabela de backup/teste"
"IVS_TGLCLICLIENT","ESTADOCOD","mais de 30 valores distintos"
"IVS_TGLCLIFIS","ATPEFICOD","mais de 30 valores distintos"
"IVS_TGLCLIJUR","ATPEJUCOD","mais de 30 valores distintos"
