"SeqDocTp","DocTp","Descr","QtdDiaProcEncer","QtdDiaValidade","ExigArq","ExigAutent","ExigDtaBase","ExigValidade","Formato","VincPessoa","VincProcesso","VincPropriedade","VincProjeto","UmPorPessoa","UmPorProcesso","UmPorPropriedade","UmPorProjeto","TamanhoMax","TrocaPropriedade","REFPESSOA","VINCOS","UMPOROS","EXTENSOES"
"2","EXPERIE_CLIENTE","Inquérito de Experiência do Cliente","","","1","1","0","0","DIG","1","1","0","0","0","0","0","0","600","","","0","0",""
"3","FINANCEIRO","Documentos Financeiro","","","1","1","1","1","DIG","1","1","0","0","0","0","0","0","0","","","0","0",""
"4","OUTROS","Documentos Diversos","","","1","1","0","0","DIG","0","1","0","0","0","0","0","0","900","","","0","0",""
"5","NF","NF","","","1","1","0","0","DIG","1","1","0","0","0","0","0","0","800","","","0","0",""
"7","NF VEN. DIRETA","NF Venda Direta","","","1","1","0","0","DIG","0","1","0","0","0","0","0","0","","","","0","0",""
"8","PEDIDO VENDA","Pedido Venda","","","1","1","0","0","DIG","1","1","1","0","0","0","0","0","","","","0","0",""
"9","NF DE REFATURAM","Nota Fiscal Refaturamento","","","1","1","0","0","DIG","1","1","1","0","0","0","0","0","","","","0","0",""
"10","SERASA","Consulta de Serasa","","","0","0","0","1","DIG","1","1","0","0","0","0","0","0","","","","0","0",""
"11","IBM","Inspeção Básica de Máquina","","","1","0","0","0","DIG","0","1","0","0","0","0","0","0","","","","0","0",""
"12","CONTR.LOCAÇÃO","Contrato de Locação","","","1","1","1","1","DIG","0","1","1","0","0","0","0","0","","","","0","0",""
"13","AUTOR.AGREGA","Autorização de agrega e desagrega especial","","","1","1","0","0","DIG","1","1","0","0","0","0","0","0","","","","0","0",""
"14","AVALIAÇÃO USADO","Avaliação Equipamento/Implemento Usado","","","1","1","0","0","DIG","0","1","0","0","0","0","0","0","","","","0","0",""
"15","AUTOR FATURA","Autorizacao de Faturamento","","","1","1","0","0","DIG","1","1","0","0","0","0","0","0","","","","0","0",""
"16","DECLARACAO","Declaracao de Onus","","","1","1","0","0","DIG","0","1","0","0","0","0","0","0","1500","","","0","0",""
"17","NOTA FISCAL","Nota de Venda","","","1","1","0","0","IMG","0","1","0","0","0","0","0","0","","","","0","0",""
"18","VALIDADO AVALIA","Validação de Avaliação e Fotos","","","1","1","0","0","DIG","0","1","0","0","0","0","0","0","","","","0","0",""
"19","AUTORIZACAO","Autorizacao entregar novo sem retirar usado","","","1","1","0","0","DIG","0","1","0","0","0","1","0","0","900","","","0","0",""
"20","NF SERVICO AMS","Nota Fiscal Faturamento Serviço AMS","","","1","1","0","0","DIG","1","1","0","0","0","0","0","0","","","","0","0",""
"21","AVALI LOGISTICA","Avaliação retirada logistica","","","1","1","0","0","IMG","0","1","0","0","0","0","0","0","","","","0","0",""
"22","AVALI OFICINA","Avaliação Receber Maquina Oficina","","","1","1","0","0","IMG","0","1","0","0","0","0","0","0","","","","0","0",""
"23","NF USADO CLIENT","Nota Fiscal Usado Cliente","","","1","1","0","0","IMG","0","1","0","0","0","0","0","0","","","","0","0",""
"24","FOR USADOS","Formulario Venda Usado","","","1","1","0","0","DIG","1","1","0","0","0","0","0","0","","","","0","0",""
"25","DECL ONUS IMP","Declaração de Onus IMP","","","1","1","0","0","DIG","0","1","0","0","0","0","0","0","","","","0","0",""
"26","CALCULO COMISSA","Calculo de comissão venda direta","","","1","0","0","0","IMG","1","1","0","0","0","0","0","0","","","","0","0",""
"27","CONF_EQUIP","Configuração do Equiipamento","","","0","0","0","0","DIG","0","1","0","0","0","0","0","0","","","","0","0",""
"28","ORCA_PECAS","Orcamento de Peças","","","1","0","0","0","DIG","0","1","0","0","0","0","0","0","","","","0","0",""
"29","PEDIDO JD QUOTE","Pedido JD Quote (Assinado)","","","1","1","0","0","IMG","0","1","0","0","0","0","0","0","","","","0","0",""
"30","AUTO_COMPRA_IMP","Autorização de Compra Implemento","","","0","1","0","0","DIG","0","1","0","0","0","1","0","0","","","","0","0",""
"31","NF JD","Nota Fiscal Venda Direta JD","","","1","0","0","0","DIG","0","1","0","0","0","0","0","0","","","","0","0",""
"32","NF COLORADO","Nota Fiscal Venda Direta Colorado","","","1","1","0","0","DIG","0","1","0","0","0","0","0","0","","","","0","0",""
"33","NF_DEV_REFATURA","Nota Fiscal Devolução Refaturamento","","","1","0","0","0","DIG","0","1","0","0","0","0","0","0","","","","0","0",""
"34","LIBER_PREP_MAQ","Liberação para preparação maquina","","","1","0","0","0","IMG","0","1","0","0","0","1","0","0","","","","0","0",""
"35","PLANILHA_PREÇO","Planilha Formação de Preço","","","1","0","0","0","DIG","0","1","0","0","0","0","0","0","","T","","0","0","pdf"
"36","COMISSAO_IMP","Comissão de Implementos","","","1","0","0","0","DIG","0","1","0","0","0","0","0","0","","","","0","0",""
"37","COMISSAO_AMS","Comissão AMS","","","1","0","0","0","DIG","0","1","0","0","0","0","0","0","","","","0","0",""
"38","TERMO DE CESSAO","Termo de Cessão Equipamento","","","1","0","0","0","DIG","0","1","0","0","0","0","0","0","","","","0","0",""
"39","PLANILHA_AMS","Planilha Formação de Preço AMS","","","1","1","0","0","DIG","0","1","0","0","0","0","0","0","","","","0","0","pdf"
"40","NF ORIGEM USADO","Nota Fiscal de Origem - Usado","","","1","1","0","0","IMG","0","1","0","0","0","0","0","0","","","","0","0",""
"41","DEC PERDA NF US","Declaração de Perda NF Usado","","","1","1","0","0","IMG","0","1","0","0","0","0","0","0","","","","0","0",""
"42","PLANILHA_IMP","Planilha Formação de Preço Implemento","","","1","0","0","0","DIG","1","0","0","0","0","0","0","0","","","","0","0",""
"43","ORC_AGREGA","Orçamento Agrega","","","1","0","0","0","DIG","0","1","0","0","0","0","0","0","","","","0","0",""
"44","APOLICE SEGURO","Apolice de seguro","","","","1","0","0","DIG","1","1","1","1","0","0","1","0","","","","0","0",""
"45","CHECKLIST EMB","Check List Embarque","","","","1","0","0","DIG","0","1","0","0","0","0","0","0","","C","","0","0",""
"46","CHECKLIST DESEM","Check List Desembarque","","","","1","0","0","DIG","0","1","0","0","0","0","0","0","","","","0","0",""
"47","REMESSA","Remessa Análise Fluído","","","","1","0","0","DIG","0","1","0","0","0","0","0","0","1500","N","","0","0",""
"48","RELATÓRIO PEÇAS","RELATÓRIO PEÇAS BALCÃO","","","","1","0","0","DIG","1","1","1","1","0","0","0","0","","","","1","0",""
"49","PLANILHA CORTES","PLANILHA DE CORTESIA","","","","1","0","0","DIG","1","1","1","1","0","0","0","0","","","","1","0",""
"50","PERFORMANCE","Relatório de Performance","","","","1","0","0","DIG","1","1","1","1","0","0","1","0","","","","0","0",""
"51","PERCEPÇÃO","Relatório de Percepção","","","","1","0","0","DIG","1","1","1","1","0","0","1","0","","","","0","0",""
"52","NF DEMONSTRAÇÃO","NF Demonstração","","","1","1","0","0","IMG","0","1","0","0","0","0","0","0","","","","0","0",""
"53","NF RETORNO DEMO","NF Retorno Demonstração","","","1","1","0","0","IMG","0","1","0","0","0","0","0","0","","","","0","0",""
"54","LAYOUT","Layout - Projeto Irrigação","","","0","1","0","0","DIG","1","1","1","1","0","0","1","0","","","","0","0",""
"55","PROPOSTA","Proposta - Projeto Irrigação","","","0","1","0","0","DIG","1","1","1","1","0","0","1","0","","","","0","0",""
"56","DCP","DCP","","","0","0","0","0","DIG","0","1","0","0","0","0","0","0","","","","0","0",""
"57","NF MAQ/IMPLEMEN","NF MAQ/IMPLEMENTO","","","0","0","0","0","DIG","0","1","0","0","0","0","0","0","","","","0","0",""
"58","CONTRATO","CONTRATO","","","0","0","0","0","DIG","0","1","0","0","0","0","0","0","","","","0","0",""
"59","CONTRATO","CONTRATO","","","0","0","0","0","DIG","0","1","0","0","0","0","0","0","","","","0","0",""
"60","VENDA CONTRATO","VENDA CONTRATO","","","0","0","0","0","DIG","0","1","0","0","0","0","0","0","","","","0","0",""
"61","AUT. FATURAMENT","AUTORIZAÇÃO FATURAMENTO - 61","","","0","1","0","0","DIG","0","1","0","0","0","1","0","0","0","","","0","0",""
"62","DC NAO AUT PMP","DOC NÃO AUTORIZADO PMP","","","0","0","0","0","DIG","0","1","0","0","0","0","0","0","","","","0","0",""
"63","FOTO PMP","FOTO PMP","","","0","1","0","0","DIG","0","1","0","0","0","0","0","0","","","","0","0",""
"64","DOC LOCAL DESC","DOC LOCALIZAÇÃO DESCONHECIDA PMP","","","0","0","0","0","DIG","0","1","0","0","0","0","0","0","","","","0","0",""
"65","CHECK LIST PRÉ","CHECK LIST_PRÉ_ENTREGA","","","0","1","0","0","DIG","0","1","0","0","0","0","0","0","","","","0","0",""
"66","CORR_CHECK_LIST","CORREÇÃO_CHECK_LIST_PRÉ_ENTREGA","","","0","1","0","0","DIG","0","1","0","0","0","0","0","0","","","","0","0",""
"67","ORÇ. PEÇA PRE","ORÇAMENTO PEÇAS PRÉ ENTREGA","","","0","1","0","0","DIG","0","1","0","0","0","0","0","0","","","","0","0",""
"68","RGA","RGA","","","0","1","0","0","DIG","0","1","0","0","0","0","0","0","","","","0","0",""
"69","TCAT_CTRE","TCAT_CTRE","","","0","1","0","0","DIG","0","1","0","0","0","0","0","0","","N","","0","0",""
"70","TCAT_CNH_MOT","TCAT_CNH_MOT","","","0","1","0","0","DIG","0","1","0","0","0","0","0","0","","N","","0","0",""
"71","TCAT_CAVALO","TCAT_CAVALO","","","0","1","0","0","DIG","0","1","0","0","0","0","0","0","","N","","0","0",""
"72","TCAT_CARRETA","TCAT_CARRETA","","","0","1","0","0","DIG","0","1","0","0","0","0","0","0","","N","","0","0",""
"73","TCAT_NF_EQUIP","TCAT_NF_EQUIP","","","0","1","0","0","DIG","0","1","0","0","0","0","0","0","","N","","0","0",""
"74","TCAT_CHECK-LIST","TCAT_CHECK-LIST","","","0","1","0","0","DIG","0","1","0","0","0","0","0","0","","N","","0","0",""
"75","TCAT_FOT_AVARIA","TCAT_FOT_AVARIA","","","0","1","0","0","DIG","0","1","0","0","0","0","0","0","","N","","0","0",""
"76","TCAT_ORÇ_REPARO","TCAT_ORÇ_REPARO","","","0","1","0","0","DIG","0","1","0","0","0","0","0","0","","N","","0","0",""
"77","FAT EXTERN DSI","FATURAMENTO EXTERNO DSI","","","0","1","0","0","DIG","0","1","0","0","0","0","0","0","","","","0","0",""
"78","COMP PAGTO DSI","COMPROVANTE PAGAMENTO DSI","","","0","1","0","0","DIG","0","1","0","0","0","0","0","0","","","","0","0",""
"79","NF ASSINADA","NF ASSINADA","","","1","1","0","0","DIG","0","1","0","0","0","0","0","0","","N","","0","0",""
"80","PLAN MANUT ASSI","Plano Manutenção Ass. - PLAN MANUT ASSI - 80","","","0","0","0","0","DIG","0","1","0","0","0","0","0","0","","N","","0","0",""
"81","DC ENTG TEC ASS","Doc Entrega Téc Assinado - DC ENTG TEC ASS - 81","","","0","0","0","0","DIG","0","1","0","0","0","0","0","0","","N","","0","0",""
"82","ORÇAMENTO","ORÇAMENTO","","","0","0","0","0","DIG","0","1","0","0","0","0","0","0","","N","","0","0",""
"83","NF VENDA PEÇA","NF VENDA PEÇA","","","0","0","0","0","DIG","0","1","0","0","0","0","0","0","","","","0","0",""
"84","PEDIDO COMP DSI","PEDIDO COMPRA DSI","","","0","0","0","0","DIG","0","1","0","0","0","0","0","0","","","","0","0",""
"85","DOC GARANTIA","Documento de Garantia","","","0","1","0","0","DIG","0","1","0","0","0","0","0","0","","","","0","0",""
"86","CAPA OS FATURAD","CAPA OS FATURADA","","","0","1","0","0","DIG","0","1","0","0","0","0","0","0","","","","0","0",""
"87","AUT FAT FY25","AUTORIZAÇÃO DE FATURAMENTO FY25","","","0","1","1","1","DIG","0","1","0","0","0","1","0","0","0","","","0","0",""
"88","VENCIMENTO_SEG","VENCIMENTO SEGURO","","","0","1","0","0","DIG","0","1","0","0","0","0","0","0","","","","0","0",""
"89","AVALIACAO_SMNV","AVALIAÇÃO SEMINOVOS","","","0","1","0","0","DIG","0","1","0","0","0","0","0","0","","","","0","0",""
"90","PLAN_CUSTO_SMNV","PLANILHA DE CUSTO SEMINOVOS","","","0","1","0","0","DIG","1","1","0","0","0","0","0","0","","","","0","0",""
"91","DECL_ONUS_SMNV","DECLARAÇÃO DE ÔNUS SEMINOVOS","","","0","1","0","0","DIG","0","1","0","0","0","0","0","0","","","","0","0",""
"92","CERT_ONUS_SMNV","CERTIDÃO NEGATIVA DE ÔNUS SEMINOVOS","","","0","1","0","0","DIG","0","1","0","0","0","0","0","0","","","","0","0",""
"93","NFO_DPNF_SMNV","NF ORIGEM/DECLARAÇÃO PERDA NF SEMINOVOS","","","0","1","0","0","DIG","0","1","0","0","0","0","0","0","","","","0","0",""
"94","PED_COMPRA_VD","PEDIDO DE COMPRA VENDA DIRETA","","","0","1","0","0","DIG","0","1","0","0","0","0","0","0","","","","0","0",""
"95","PLAN_VENDA_VD","PLANILHA DE VENDA DIRETA","","","0","1","0","0","DIG","0","1","0","0","0","0","0","0","","","","0","0",""
"96","JD_QUOTE","JD_QUOTE","","","0","1","0","0","DIG","0","1","0","0","0","0","0","0","","","","0","0",""
"97","OPERATION CENTE","Operation Center","","","0","1","0","0","DIG","1","1","1","0","0","0","0","0","","N","","0","0",""
"98","AGRONOMY ANALYZ","Agronomy Analyzer","","","0","1","0","0","DIG","1","1","1","0","0","0","0","0","","N","","0","0",""
"99","VENDA DIRETA","CONTRATO VENDA DIRETA","","","0","1","0","0","DIG","0","1","0","0","0","0","0","0","","","","0","0",""
"100","COMP DE PAGTO","Comprovante de Pagamento","","","0","1","0","0","DIG","0","1","0","0","0","0","0","0","","N","","0","0",""
"101","EMAIL APROV CRE","E-mail de Aprovação Crédito","","","0","1","0","0","DIG","0","1","0","0","0","0","0","0","","N","","0","0",""
"102","PLANILHA CUSTO","PLANILHA CUSTO GRANDES CONTAS","","","0","1","0","0","DIG","0","1","0","0","0","0","0","0","","","","0","0",""
"103","PEDIDO_GC","PLANILHA PEDIDO GRANDES CONTAS","","","0","0","0","0","DIG","0","1","0","0","0","0","0","0","","","","0","0",""
"104","CSC_CHASSI","Comprovante da Procedência","","","0","1","0","0","DIG","0","1","0","0","0","0","0","0","","","","0","0",""
"105","ATIVACAO_LICENÇ","Ativação Licença","","","0","0","0","0","DIG","0","1","0","0","0","0","0","0","","","","0","0",""
"106","LICENÇA_ATIVADA","Licença Ativada","","","0","0","0","0","DIG","0","1","0","0","0","0","0","0","","","","0","0",""
"107","COMUNICADO_ATIV","Comunicado Ativação","","","0","0","0","0","DIG","0","1","0","0","0","0","0","0","","","","0","0",""
"108","FORM ENTREGA","FORM ENTREGA","","","1","1","0","0","DIG","0","1","0","0","0","0","0","0","","","","0","0",""
"109","FOTO_DEMO_PDF","FOTO_DEMO_PDF","","","0","0","0","0","DIG","0","1","0","0","0","0","0","0","","","","0","0",""
"110","AUTO_SEMI_NOVOS","Autorização departamento Semi Novos","","","0","0","0","0","DIG","0","1","0","0","0","0","0","0","800","N","","0","0",""
