"Atributo","Lista","UsaFisica","UsaJuridica","LinkExterno","NroAdic","DadoAdic","SeqAtrib","DtaAlteracao"
"AREAATUACAO","Administração","N","S","","","","171","08/03/2018 12:39:00"
"AREAATUACAO","Comercial","N","S","","","","170","08/03/2018 12:39:00"
"AREAATUACAO","Compras","N","S","","","","162","08/03/2018 12:39:00"
"AREAATUACAO","Contabilidade","N","S","","","","166","08/03/2018 12:39:00"
"AREAATUACAO","Financeiro","N","S","","","","165","08/03/2018 12:39:00"
"AREAATUACAO","Gestão de Pessoas","N","S","","","","180","08/03/2018 13:21:00"
"AREAATUACAO","Logística","N","S","","","","168","08/03/2018 12:39:00"
"AREAATUACAO","Marketing","N","S","","","","169","08/03/2018 12:39:00"
"AREAATUACAO","Secret Agricultura","N","S","","","","176","08/03/2018 13:04:00"
"AREAATUACAO","Secret Licitações","N","S","","","","161","08/03/2018 12:39:00"
"AREAATUACAO","Secret Meio Ambiente","N","S","","","","160","08/03/2018 12:39:00"
"AREAATUACAO","Secret Transporte","N","S","","","","179","08/03/2018 13:17:00"
"AREAATUACAO","Secretaria de Obras ","N","S","","","","163","08/03/2018 13:04:00"
"AREAATUACAO","Secretaria Educação","N","S","","","","178","08/03/2018 13:04:00"
"AREAATUACAO","Secretaria Saúde ","N","S","","","","177","08/03/2018 13:04:00"
"AREAATUACAO","TI","N","S","","","","164","08/03/2018 12:39:00"
"ATENDBLOQ","Férias","S","S","","","","63",""
"ATENDBLOQ","Folga","S","S","","","","64",""
"ATENDBLOQ","Licença Maternidade","S","S","","","","65",""
"ATENDBLOQ","Licença Médica","S","S","","","","66",""
"ATENDBLOQ","Licença Paternidade","S","S","","","","67",""
"ATENDBLOQ","Treinamento Externo","S","S","","","","68",""
"ATENDBLOQ","Treinamento Interno","S","S","","","","54",""
"ATENDBLOQ","Visita Externa","S","S","","","","55",""
"ATIVIDADE","Administrador(a)","S","S","","","","29",""
"ATIVIDADE","Aeroporto","S","S","","","","209","19/07/2024 17:37:14"
"ATIVIDADE","Aeroportos","S","S","","","","193","05/09/2019 16:25:32"
"ATIVIDADE","Agroindústria","N","S","","","","37",""
"ATIVIDADE","Agronegócio","S","S","","","","194","05/09/2019 16:32:51"
"ATIVIDADE","Agropecuária","N","S","","","","38",""
"ATIVIDADE","Associação","N","S","","","","69",""
"ATIVIDADE","Bancos","N","S","","","","39",""
"ATIVIDADE","Citricultor(a)","S","S","","","","36",""
"ATIVIDADE","Comprador(a)","S","S","","","","31",""
"ATIVIDADE","Construtora","S","S","","","","195","19/07/2024 17:40:36"
"ATIVIDADE","Consturtora","N","S","","","","202","05/09/2019 16:32:51"
"ATIVIDADE","Contador(a)","S","S","","","","32",""
"ATIVIDADE","Cooperado(a)","S","S","","","","41",""
"ATIVIDADE","Diretor(a)","S","S","","","","33",""
"ATIVIDADE","Economista","S","S","","","","70",""
"ATIVIDADE","Empresário(a)","S","S","","","","27",""
"ATIVIDADE","Engenheiro Agrônomo","S","S","","","","71",""
"ATIVIDADE","Fazendeiro(a)","S","S","","","","28",""
"ATIVIDADE","Financeira","S","S","","","","207","19/07/2024 17:40:37"
"ATIVIDADE","Fornecedor","S","S","","","","46",""
"ATIVIDADE","Gerente ","S","S","","","","72",""
"ATIVIDADE","Industria","S","S","","","","196","05/09/2019 16:32:51"
"ATIVIDADE","Indústria","S","S","","","","210","19/07/2024 17:40:37"
"ATIVIDADE","Operador de Máquina","S","S","","","","73",""
"ATIVIDADE","Outros Negócios","S","S","","","","197","05/09/2019 16:32:51"
"ATIVIDADE","Outros Órgão Públicos","S","S","","","","203","19/07/2024 17:40:38"
"ATIVIDADE","Pecuária","S","S","","","","199","05/09/2019 16:32:51"
"ATIVIDADE","Prefeitura","S","S","","","","200","05/09/2019 16:32:51"
"ATIVIDADE","Prestador de Serviços","S","S","","","","43",""
"ATIVIDADE","Produtor(a)","S","S","","","","26",""
"ATIVIDADE","Proprietário(a)","S","S","","","","74",""
"ATIVIDADE","Rodovia","S","S","","","","211","19/07/2024 17:40:38"
"ATIVIDADE","Rodovias","S","S","","","","201","05/09/2019 16:32:51"
"ATIVIDADE","Sócio","S","S","","","","75",""
"ATIVIDADE","Supervisor(a)","S","S","","","","34",""
"ATIVIDADE","Usina","S","S","","","","35","05/09/2019 15:12:37"
"CLASSE","FALECIDO","S","S","","","","136","03/07/2015 12:02:00"
"CLASSE","FILIAL","S","S","","","","138","03/07/2015 12:02:00"
"CLASSE","FUNCIONÁRIOS","S","S","","","","139","03/07/2015 12:02:00"
"CLASSE","PARCEIROS","S","S","","","","137","03/07/2015 12:02:00"
"CLASSE","REDE CONCESSIONÁRIOS","S","S","","","","134","03/07/2015 12:02:00"
"CLASSE","SAM","S","S","","","","135","03/07/2015 12:02:00"
"FINBANCO","Bancos","S","S","","","","126","24/03/2013 13:10:39"
"FINTPACORDO","Plus","S","S","","","","125","24/03/2013 13:10:39"
"FORMACTTO","Email","S","S","","","","6",""
"FORMACTTO","Eventos","S","S","","","","140","29/01/2016 08:31:00"
"FORMACTTO","Externo","S","S","","","","7",""
"FORMACTTO","Facebook","S","S","","","","185","11/05/2018 09:04:00"
"FORMACTTO","Instagram","S","S","","","","181","11/05/2018 09:04:00"
"FORMACTTO","JD Conecta","S","S","","","","215","02/06/2020 14:21:00"
"FORMACTTO","Landing Page","S","S","","","","182","11/05/2018 09:04:00"
"FORMACTTO","Linkedin","S","S","","","","217","23/04/2024 09:29:00"
"FORMACTTO","OLX","S","S","","","","208","04/11/2019 11:56:00"
"FORMACTTO","Pesq. Satisf.","S","S","Pesq. Exp. Cliente","","","218","05/06/2024 09:11:00"
"FORMACTTO","Showroom","S","S","","","","8",""
"FORMACTTO","Site","S","S","","","","183","11/05/2018 09:04:00"
"FORMACTTO","Telefone","S","S","","","","9",""
"FORMACTTO","Visita","S","S","","","","147","22/11/2016 14:53:00"
"FORMACTTO","WhatsApp","S","S","","","","184","11/05/2018 09:04:00"
"GRAUINSTR","Curso Técnico","S","N","","","","130","10/07/2013 14:46:00"
"GRAUINSTR","Ensino Fundamental","S","N","","","","48",""
"GRAUINSTR","Ensino Médio","S","N","","","","77",""
"GRAUINSTR","Nenhum","S","N","","","","49",""
"GRAUINSTR","Pós Graduado","S","N","","","","78",""
"GRAUINSTR","Superior Completo","S","N","","","","44",""
"GRUPO","Concessionária","S","S","","","","82",""
"GRUPO","Concorrente","S","S","","","","212","05/11/2019 15:54:00"
"GRUPO","Contas Chave","S","S","","","","213","05/11/2019 15:55:00"
"GRUPO","Dealer Focus","S","S","","","","219","05/05/2025 08:41:00"
"GRUPO","Ex-Funcionário","S","S","","","","85",""
"GRUPO","Fornecedor","S","S","","","","86",""
"GRUPO","Funcionário","S","S","","","","87",""
"GRUPO","Varejo","S","S","","","","206","09/09/2019 10:45:00"
"PAPELCTT","Comprador de Equip","S","S","","","","149","03/11/2017 09:04:00"
"PAPELCTT","Comprador de Impleme","S","S","","","","59",""
"PAPELCTT","Comprador de Máquina","S","S","","","","60",""
"PAPELCTT","Comprador de Pecas","S","S","","","","57",""
"PAPELCTT","Funcionário ADM","S","S","","","","119",""
"PAPELCTT","Resp Pesq Satisfação","S","S","","","","186","03/12/2018 11:28:00"
"PAPELCTT","Resp. Adm. Financ","S","S","","","","61",""
"PAPELCTT","Respons. Locação","S","S","","","","148","03/11/2017 09:04:00"
"PAPELCTT","Respons. Manutenção","S","S","","","","62",""
"PAPELCTT","Usuário CSC","S","S","","","","216","29/10/2021 17:10:00"
"PESSTATUS","Ativo","S","S","","","","143","17/10/2016 10:17:54"
"PESSTATUS","Falecido","S","S","","","","145","17/10/2016 10:17:54"
"PESSTATUS","Inativo","S","S","","","","144","17/10/2016 10:17:54"
"PESSTATUS","Outro","S","S","","","","146","17/10/2016 10:17:54"
"PESSTATUS","Prospect","S","S","","","","142","17/10/2016 10:17:54"
"PESSTATUS","Suspect","S","S","","","","141","17/10/2016 10:15:35"
"PRIORIDADE","0-Urgente","S","S","","","","91",""
"PRIORIDADE","1-Alta","S","S","","","","92",""
"PRIORIDADE","2-Normal","S","S","","","","93",""
"PRIORIDADE","3-Baixa","S","S","","","","94",""
"RENDAFAT","Acima de R$ 900,0 MM","N","S","","","","151","31/01/2018 18:22:30"
"RENDAFAT","Alto","S","S","","","","47",""
"RENDAFAT","Até R$ 240,01 MIL","N","S","","","","152","31/01/2018 18:22:37"
"RENDAFAT","Baixo","S","S","","","","95",""
"RENDAFAT","CAP","N","S","","","","187","05/09/2019 15:03:29"
"RENDAFAT","CON","N","S","","","","214","11/11/2019 12:50:22"
"RENDAFAT","DE R$ 2,4 MM A R$ 30,0 MM","N","S","","","","153","31/01/2018 18:22:37"
"RENDAFAT","DE R$ 240,01 MIL A R$ 2,4 MM","N","S","","","","150","31/01/2018 18:22:37"
"RENDAFAT","DE R$ 30,1 MM A R$ 900,0 MM","N","S","","","","154","31/01/2018 18:22:37"
"RENDAFAT","Grande Porte","N","S","","","","188","05/09/2019 15:03:58"
"RENDAFAT","KAM","N","S","","","","189","05/09/2019 15:03:58"
"RENDAFAT","Médio","S","S","","","","96",""
"RENDAFAT","Medio Porte","N","S","","","","190","05/09/2019 15:03:58"
"RENDAFAT","Pequeno Porte","N","S","","","","191","05/09/2019 15:03:58"
"RENDAFAT","SAM","N","S","","","","192","05/09/2019 15:03:58"
"TIPCONTATO","Administrador","N","S","","","","2","08/03/2018 10:24:00"
"TIPCONTATO","Agronomo","N","S","","","","97","08/03/2018 10:24:00"
"TIPCONTATO","Avô (avó)","S","N","","","","174","08/03/2018 12:57:00"
"TIPCONTATO","Chefe de Gabinete","N","S","","","","172","08/03/2018 12:47:00"
"TIPCONTATO","Comprador","N","S","","","","98","08/03/2018 10:24:00"
"TIPCONTATO","Conjuge","S","N","","","","99","08/03/2018 10:24:00"
"TIPCONTATO","Contador","N","S","","","","4","08/03/2018 10:24:00"
"TIPCONTATO","Diretor (a)","N","S","","","","100",""
"TIPCONTATO","Filho (a)","S","S","","","","101","03/02/2026 08:30:00"
"TIPCONTATO","Funcionario","N","S","","","","102","08/03/2018 10:24:00"
"TIPCONTATO","Genro","S","N","","","","103","08/03/2018 10:24:00"
"TIPCONTATO","Gerente","S","S","","","","23","03/02/2026 08:30:00"
"TIPCONTATO","Irmao (a)","S","N","","","","104","08/03/2018 10:24:00"
"TIPCONTATO","Líder de Frente","S","S","","","","221","03/02/2026 08:30:00"
"TIPCONTATO","Motorista","N","S","","","","3","08/03/2018 10:24:00"
"TIPCONTATO","Operador","S","S","","","","220","03/02/2026 08:29:00"
"TIPCONTATO","Outros","S","S","","","","105",""
"TIPCONTATO","Pai (mae)","S","N","","","","106","08/03/2018 10:24:00"
"TIPCONTATO","Prefeito","N","S","","","","158","08/03/2018 10:24:00"
"TIPCONTATO","Primo (a)","S","N","","","","175","08/03/2018 12:58:00"
"TIPCONTATO","Proprietário(a)","N","S","","","","58","08/03/2018 10:24:00"
"TIPCONTATO","Secretaria(o)","N","S","","","","107","08/03/2018 12:38:00"
"TIPCONTATO","Socio (a)","N","S","","","","1",""
"TIPCONTATO","Supervisor (a)","N","S","","","","22","08/03/2018 12:51:00"
"TIPCONTATO","Tio (a)","S","N","","","","173","08/03/2018 12:51:00"
"TIPCONTATO","Vice Prefeito","N","S","","","","159","08/03/2018 12:39:00"
"TIPORELAC","Amigo(a)","S","S","","","","51",""
"TIPORELAC","Conjuge","S","S","","","","13",""
"TIPORELAC","Cunhado(a)","S","S","","","","52",""
"TIPORELAC","Filhos","S","S","","","","14",""
"TIPORELAC","Irmãos","S","S","","","","15",""
"TIPORELAC","Pais","S","S","","","","16",""
"TIPORELAC","Principal/ Relacionado Negócio","S","S","","","","21",""
"TIPORELAC","Sócios","S","S","","","","17",""
"TIPORELAC","Sogro(a)","S","S","","","","53",""
"TIPORELAC","Tio/Sobrinho","S","S","","","","20",""
"TIPORELAC","Unidades","N","S","","","","18",""
"TIPORELAC","Vizinho","S","S","","","","156","08/03/2018 10:12:00"
"TPRECURSO","CG 1175","S","S","","","","108",""
"TPRECURSO","CG 9470","S","S","","","","109",""
"TPRECURSO","CGR 7660","S","S","","","","110",""
"TPRECURSO","PL 1107","S","S","","","","111",""
"TPRECURSO","PL 2113","S","S","","","","112",""
"TPRECURSO","PL DB50","S","S","","","","113",""
"TPRECURSO","TR 5303","S","S","","","","114",""
"TPRECURSO","TR 5603","S","S","","","","115",""
"TPRECURSO","TR 6110D","S","S","","","","116",""
"TPRECURSO","TR 7185J","S","S","","","","117",""
"TPRECURSO","TR 8245R","S","S","","","","118",""
"TPREFPESQ","Chassi","S","S","","","","",""
