"Tabela","Coluna","TipoDado","Descricao","Instrucoes","IndExigido"
"GE_BAIRRO","BAIRRO","string","Bairro","",""
"GE_BAIRRO","SEQBAIRRO","int?","Sequencial do Bairro","",""
"GE_BAIRRO","SEQCIDADE","int?","Sequencia da Cidade","",""
"GE_CIDADE","CEPFINAL","string","Cep Final","",""
"GE_CIDADE","CEPINICIAL","string","Cep Inicial","",""
"GE_CIDADE","CIDADE","string","Cidade","",""
"GE_CIDADE","DDD","string","DDD","",""
"GE_CIDADE","DESCFERIADO1","string","Descrição do Feriado 1","",""
"GE_CIDADE","DESCFERIADO2","string","Descrição do Feriado 2","",""
"GE_CIDADE","DTAALTERACAO","DateTime?","Data de alteração","",""
"GE_CIDADE","DTAANIVERSARIO","DateTime?","Data do Aniversário","",""
"GE_CIDADE","DTAFERIADO1","DateTime?","Data do Feriado 1","",""
"GE_CIDADE","DTAFERIADO2","DateTime?","Data do Feriado 2","",""
"GE_CIDADE","EXGBAIRRO","string","Exige Bairro","",""
"GE_CIDADE","EXGLOGRADOURO","string","Exige Logradouro","",""
"GE_CIDADE","PAIS","string","País","",""
"GE_CIDADE","POPULACAO","int?","População","",""
"GE_CIDADE","REGIAO","string","Região","",""
"GE_CIDADE","SEQCIDADE","int?","Sequencial da Cidade","",""
"GE_CIDADE","UF","string","UF","",""
"GE_CIDADE","USUALTERACAO","string","Usuário de alteração","",""
"GE_CONTATO","AREAATUACAO","string","Area de Atuação","",""
"GE_CONTATO","ATRIBDTA","DateTime?","Atributo data","",""
"GE_CONTATO","ATRIBNUM","decimal?","Atributo numérico","",""
"GE_CONTATO","ATRIBUTO1","string","Atributo 1","",""
"GE_CONTATO","ATRIBUTO2","string","Atributo 2","",""
"GE_CONTATO","ATRIBUTO3","string","Atributo 3","",""
"GE_CONTATO","CONTATO","string","Contato","",""
"GE_CONTATO","CPF","int?","Cpf","",""
"GE_CONTATO","DIGCPF","int?","Dígito do Cpf","",""
"GE_CONTATO","DTAALTERACAO","DateTime?","Data de alteração","",""
"GE_CONTATO","DTANASCIMENTO","DateTime?","Data de nascimento","",""
"GE_CONTATO","EMAIL","string","Email","",""
"GE_CONTATO","EMUSO","int?","Em Uso","",""
"GE_CONTATO","ESTADOCIVIL","string","Estado civil","",""
"GE_CONTATO","FAXDDD","string","Fax DDD","",""
"GE_CONTATO","FAXNRO","int?","Fax Número","",""
"GE_CONTATO","FONECMPL1","string","Fone Complemento 1","",""
"GE_CONTATO","FONECMPL2","string","Fone Complemento 2","",""
"GE_CONTATO","FONEDDD1","string","Fone DDD 1","",""
"GE_CONTATO","FONEDDD2","string","Fone DDD 2","",""
"GE_CONTATO","FONENRO1","int?","Fone Número 1","",""
"GE_CONTATO","FONENRO2","int?","Fone Número 2","",""
"GE_CONTATO","LINKWEB","int?","Link da Web","",""
"GE_CONTATO","NIVELDECISAO","string","Nível de descisão","",""
"GE_CONTATO","NIVELDESCISAO","string","Nível de descisão","",""
"GE_CONTATO","OBSERVACAO","string","Observação","",""
"GE_CONTATO","OBSPESSOAL","string","Observação pessoal","",""
"GE_CONTATO","POSICIONAMENTO","string","Posicionamento","",""
"GE_CONTATO","RG","string","Rg","",""
"GE_CONTATO","SAUDACAO","string","Saudação","",""
"GE_CONTATO","SEQCONTATO","int?","Sequancial do Contato","",""
"GE_CONTATO","SEQPESSOA","int?","Sequencial da Pessoa","",""
"GE_CONTATO","SEXO","string","Sexo","",""
"GE_CONTATO","TIPOCONTATO","string","Tipo do Contato","",""
"GE_CONTATO","ULTORIGEM","string","Última origem","",""
"GE_CONTATO","USUALTERACAO","string","Usuário de alteração","",""
"GE_CONTATOPAPEL","DTAALTERACAO","DateTime?","Data de alteração","",""
"GE_CONTATOPAPEL","PAPEL","string","Papel","",""
"GE_CONTATOPAPEL","SEQCONTATO","int?","Sequencial do contato","",""
"GE_CONTATOPAPEL","SEQPESSOA","int?","Sequencial da pessoa","",""
"GE_CONTATOPAPEL","USUALTEROU","string","Usuário de alteração","",""
"GE_PESSOA","ATIVIDADE","VARCHAR2","Atividade","",""
"GE_PESSOA","BAIRRO","VARCHAR2","Bairro","",""
"GE_PESSOA","CEP","VARCHAR2","CEP","",""
"GE_PESSOA","CIDADE","VARCHAR2","Cidade","",""
"GE_PESSOA","CMPLTOLOGRADOURO","VARCHAR2","Complemento do logradouro","",""
"GE_PESSOA","CNAE","VARCHAR2","CNAE","",""
"GE_PESSOA","CODEQUIPE","VARCHAR2","Código da equipe","",""
"GE_PESSOA","CORRESPONDENCIA","NUMBER","Correspondencia","",""
"GE_PESSOA","CXPOSTAL","VARCHAR2","Caixa postal","",""
"GE_PESSOA","DIGCGCCPF","NUMBER","Dígito do CGC ou CPF","",""
"GE_PESSOA","DTAALTERACAO","DATE","Data de alteração","",""
"GE_PESSOA","DTAATIVACAO","DATE","Data da ativação","",""
"GE_PESSOA","DTAINATIVACAO","DATE","Data de inativação","",""
"GE_PESSOA","DTAINCLUSAO","DATE","Data de inclusão","",""
"GE_PESSOA","DTANASCFUND","DATE","Data de nascimento ou fundação","",""
"GE_PESSOA","EMAIL","VARCHAR2","Email","",""
"GE_PESSOA","ESTADOCIVIL","VARCHAR2","Estado civil","",""
"GE_PESSOA","FANTASIA","VARCHAR2","Fantasia","",""
"GE_PESSOA","FAXDDD","VARCHAR2","Fax DDD","",""
"GE_PESSOA","FAXNRO","NUMBER","Fax npumero","",""
"GE_PESSOA","FISICAJURIDICA","VARCHAR2","Fisica Jurídica","",""
"GE_PESSOA","FONECMPL1","VARCHAR2","Fone complemnto 1","",""
"GE_PESSOA","FONECMPL2","VARCHAR2","Fone complemento 2","",""
"GE_PESSOA","FONECMPL3","VARCHAR2","Fone complemento 3","",""
"GE_PESSOA","FONEDDD1","VARCHAR2","Fone DDD 1","",""
"GE_PESSOA","FONEDDD2","VARCHAR2","Fone DDD 2","",""
"GE_PESSOA","FONEDDD3","VARCHAR2","Fone DDD 3","",""
"GE_PESSOA","FONENRO1","NUMBER","Fone número 1","",""
"GE_PESSOA","FONENRO2","NUMBER","Fone número 2","",""
"GE_PESSOA","FONENRO3","NUMBER","Fone número 3","",""
"GE_PESSOA","GRAUINSTRUCAO","VARCHAR2","Grau de instrução","",""
"GE_PESSOA","GRUPO","VARCHAR2","Grupo","",""
"GE_PESSOA","HOMEPAGE","VARCHAR2","Homepage","",""
"GE_PESSOA","INDCONTRIBICMS","VARCHAR2","Indicador de contribuição de ICMS","",""
"GE_PESSOA","INSCMUNIC","VARCHAR2","Inscrição municipal","",""
"GE_PESSOA","INSCPRODUTOR","VARCHAR2","Inscrição produtor","",""
"GE_PESSOA","INSCRICAORG","VARCHAR2","Inscrição do RG","",""
"GE_PESSOA","LATITUDE","NUMBER","Latitude","",""
"GE_PESSOA","LOGRADOURO","VARCHAR2","Logradouro","",""
"GE_PESSOA","LONGITUDE","NUMBER","Longitude","",""
"GE_PESSOA","NAOPOSSUIEMAIL","NUMBER","Não possui email","",""
"GE_PESSOA","NOMERAZAO","VARCHAR2","Nome razão","",""
"GE_PESSOA","NROCGCCPF","NUMBER","Número do CGC ou CPF","",""
"GE_PESSOA","NROLOGRADOURO","VARCHAR2","Número do logradouro","",""
"GE_PESSOA","OBSINATIVACAO","VARCHAR2","Observação de inativação","",""
"GE_PESSOA","ORGAOEMISSOR","VARCHAR2","Orgão emissor","",""
"GE_PESSOA","ORIGEM","VARCHAR2","Origem","",""
"GE_PESSOA","PAIS","VARCHAR2","País","",""
"GE_PESSOA","PALAVRACHAVE","VARCHAR2","Palavra chave","",""
"GE_PESSOA","PORTE","VARCHAR2","Porte","",""
"GE_PESSOA","PROBLEMACREDITO","NUMBER","Problema com crédito","",""
"GE_PESSOA","RECEBEEMAIL","NUMBER","Recebe email","",""
"GE_PESSOA","REFENDERECO","VARCHAR2","Referência de endereço","",""
"GE_PESSOA","RENDAFATURAMENTO","VARCHAR2","Renda ou faturamento","",""
"GE_PESSOA","SEQBAIRRO","NUMBER","Sequencial do bairro","",""
"GE_PESSOA","SEQCIDADE","NUMBER","Sequencial da cidade","",""
"GE_PESSOA","SEQPESSOA","NUMBER","Sequencial da pessoa","",""
"GE_PESSOA","SEQPESSOAENDCOBR","NUMBER","Sequencial do endereço de cobrança","",""
"GE_PESSOA","SEXO","VARCHAR2","Sexo","",""
"GE_PESSOA","STATUS","VARCHAR2","Status","",""
"GE_PESSOA","TELEFONEMA","NUMBER","Telefonemas","",""
"GE_PESSOA","TIPOLOGRADOURO","VARCHAR2","Tipo do logradouro","",""
"GE_PESSOA","UF","VARCHAR2","UF","",""
"GE_PESSOA","UFEMISSOR","VARCHAR2","Uf emissor","",""
"GE_PESSOA","ULTORIGEM","VARCHAR2","Última origem","",""
"GE_PESSOA","USUALTERACAO","VARCHAR2","Usuário de alteração","",""
"GE_PESSOA","USUINATIVACAO","VARCHAR2","Usuário de inativação","",""
"GE_PESSOA","USUINCLUSAO","VARCHAR2","Usuário de inclusão","",""
"GE_PESSOA","VERSAO","NUMBER","Versão","",""
"GE_PESSOACLASSE","CLASSE","string","Classe","",""
"GE_PESSOACLASSE","DTAALTERACAO","DateTime?","Data de alteração","",""
"GE_PESSOACLASSE","SEQPESSOA","int?","Sequencial da pessoa","",""
"GE_PESSOACLASSE","USUALTERACAO","string","Usuário de alteração","",""
"GE_PESSOAEND","BAIRRO","string","Bairro","",""
"GE_PESSOAEND","CEP","string","CEP","",""
"GE_PESSOAEND","CIDADE","string","Cidade","",""
"GE_PESSOAEND","CMPLTOLOGRADOURO","string","Complemento do logradouro","",""
"GE_PESSOAEND","CXPOSTAL","string","Caixa postal","",""
"GE_PESSOAEND","DTAALTERACAO","DateTime?","Data de alteração","",""
"GE_PESSOAEND","LATITUDE","int?","Latitude","",""
"GE_PESSOAEND","LOGRADOURO","string","Logradouro","",""
"GE_PESSOAEND","LONGITUDE","int?","Longitude","",""
"GE_PESSOAEND","NROLOGRADOURO","string","Número do logradouro","",""
"GE_PESSOAEND","PAIS","string","País","",""
"GE_PESSOAEND","REFENDERECO","string","Referência de Endereço","",""
"GE_PESSOAEND","SEQBAIRRO","int?","Sequencial do bairro","",""
"GE_PESSOAEND","SEQCIDADE","int?","Sequencial da cidade","",""
"GE_PESSOAEND","SEQPESSOA","int?","Sequencial da pessoa","",""
"GE_PESSOAEND","SEQPESSOAEND","int?","Sequencial do endereço da pessoa","",""
"GE_PESSOAEND","SEQPESSOAENDCOBR","int?","Sequencial do endereço de cobrança","",""
"GE_PESSOAEND","TIPOENDERECO","string","Tipo de endereço","",""
"GE_PESSOAEND","TIPOLOGRADOURO","string","Tipo do logradouro","",""
"GE_PESSOAEND","UF","string","UF","",""
"GE_PESSOAEND","USUALTERACAO","string","Usuário de alteração","",""
"IV_FICHANEGVEIC","CAMPANHA","string","Campanha","",""
"IV_FICHANEGVEIC","FORMAPRIMCONT","string","Forma de contato","",""
"IV_FICHANEGVEIC","MOTIVO","string","Mídia/Motivo","",""
"IV_FICHANEGVEIC","USURESPONSAVEL","string","Usuário responsável do processo","",""
"IVS_CARTEIRA","CARTEIRA","string","Carteira","",""
"IVS_CARTEIRA","DESCRICAO","string","Descrição","",""
"IVS_CARTEIRA","NROEMPRESA","int?","Número da empresa","",""
"IVS_CARTEIRA","SEQCARTEIRA","int?","Sequencial da carteira","",""
"IVS_CARTEIRA","SEQUSRRESP","int?","Sequencial do usuário responsével","",""
"IVS_DEPTO","ACAOCONTATO","int?","Ação do contato","",""
"IVS_DEPTO","ACAOEXTERNA","int?","Ação externa","",""
"IVS_DEPTO","CICLOA","int?","Ciclo A","",""
"IVS_DEPTO","CICLOAEXT","int?","Ciclo A externo","",""
"IVS_DEPTO","CICLOB","int?","Ciclo B","",""
"IVS_DEPTO","CICLOBEXT","int?","Ciclo B externo","",""
"IVS_DEPTO","CICLOC","int?","Ciclo C","",""
"IVS_DEPTO","CICLOCEXT","int?","Ciclo C externo","",""
"IVS_DEPTO","CICLOD","int?","Ciclo D","",""
"IVS_DEPTO","CICLODEXT","int?","Ciclo D externo","",""
"IVS_DEPTO","CICLON","int?","Ciclo N","",""
"IVS_DEPTO","CICLOP","int?","Ciclo P","",""
"IVS_DEPTO","CODPROCESSO","int?","Código do processo","",""
"IVS_DEPTO","CTRLPOREMPRESA","int?","Controle por empresa","",""
"IVS_DEPTO","DEPTO","string","Departamento","",""
"IVS_DEPTO","DESCRICAO","string","Descrição","",""
"IVS_DEPTO","MULTCARTEIRA","int?","Mult Carteira","",""
"IVS_DEPTO","SEQDEPTO","int?","Sequencial do departamento","",""
"IVS_DEPTO","SEQSEGM","int?","Sequencial da segmentação","",""
"IVS_DEPTO","SEQUSRDIRDEPTO","int?","Sequencial do usuário diretor do departamento","",""
"IVS_DEPTOEMPR","NROEMPRESA","int?","Número da empresa","",""
"IVS_DEPTOEMPR","SEQDEPTO","int?","Sequencia do departamento","",""
"IVS_DEPTOEMPR","SEQUSRDIRDEPTO","int?","Sequencial do usuário diretor do departamento","",""
"IVS_DEPTOEMPR","SEQUSRGERDEPTO","int?","Sequencial do usuáiro gerente do departamento","",""
"IVS_PES","CICLO","int?","Ciclo","",""
"IVS_PES","CICLOEXT","int?","Ciclo externo","",""
"IVS_PES","CLASSE","string","Classe","",""
"IVS_PES","DTAALTERACAO","DateTime?","Data de alteração","",""
"IVS_PES","DTACALC","DateTime?","Data do cálculo","",""
"IVS_PES","DTAINCLUSAO","DateTime?","Data da inclusão","",""
"IVS_PES","DTAINITRANS","DateTime?","Data da primeira transação","",""
"IVS_PES","DTAULTCTTO","DateTime?","Data do último contato","",""
"IVS_PES","DTAULTCTTOEXT","DateTime?","Data do último contato externo","",""
"IVS_PES","DTAULTTRANS","DateTime?","Data da última transação","",""
"IVS_PES","FREQ","int?","Frequência","",""
"IVS_PES","PERSPECTIVA","int?","Perspectiva","",""
"IVS_PES","POTENCIAL","string","Potencial","",""
"IVS_PES","PROCULTTRANS","int?","Processo da última transação","",""
"IVS_PES","PTO","int?","Pontos","",""
"IVS_PES","QTDTRANS","int?","Quantidade de transações","",""
"IVS_PES","REC","int?","Rescência","",""
"IVS_PES","RECALC","int?","Recálculo","",""
"IVS_PES","SCORE","int?","Score","",""
"IVS_PES","SEQCARTEIRA","int?","Sequencial da carteira","",""
"IVS_PES","SEQDEPTO","int?","Sequencial do departamento","",""
"IVS_PES","SEQPESDEPTO","int?","Sequencial da pessoa do departameno","",""
"IVS_PES","SEQPESSOA","int?","Sequencial da pessoa","",""
"IVS_PES","SITUACAO","string","Situação","",""
"IVS_PES","STATUS","string","Status","",""
"IVS_PES","USUALTERACAO","string","Usuário de alteração","",""
"IVS_PES","USUINCLUSAO","string","Usuário da inclusção","",""
"IVS_PES","VLR","int?","Valor","",""
