"SeqAplicacao","SeqUsuario","NroEmpresa","Executar","Incluir","Alterar","Excluir","RegistrarLog","Verimpressao","Exportar","Imprimir"
"0","1","1","S","S","N","N","N"," "," ","N"
"0","241","1","S","N","N","N","N"," ","S","S"
"0","290","1","S","S","S","S","N","S","S","S"
"0","410","1","S","N","N","N","N"," ","S","S"
"0","431","1","S","N","N","N","N"," ","S","S"
"0","448","1","S","S","S","S","N","S","S","S"
"0","530","1","S","N","N","N","N"," ","S","S"
"0","552","1","S","N","N","N","N","S","S","S"
"0","564","1","S","N","N","N","N","S","S","S"
"11","1","1","S","S","S","N","N"," "," "," "
"11","1","2","S","S","S","N","N"," "," "," "
"11","1","3","S","S","S","N","N"," "," "," "
"11","1","4","S","S","S","N","N"," "," "," "
"11","1","7","S","S","S","N","N"," "," "," "
"11","1","11","S","S","S","N","N"," "," "," "
"11","1","891","S","S","S","N","N","S","S","S"
"11","290","2","S","S","S","S","N","S","S","S"
"11","290","3","S","S","S","S","N","S","S","S"
"11","290","4","S","S","S","S","N","S","S","S"
"11","290","7","S","S","S","S","N","S","S","S"
"11","290","11","S","S","S","S","N","S","S","S"
"13","255","1","S","S","S","S","N","S","S","S"
"18","290","1","S","S","S","N","N"," "," "," "
"22","255","1","S","S","S","S","N","S","S","S"
"26","255","1","S","S","S","S","N","S","S","S"
"27","255","1","S","S","S","S","N","S","S","S"
"27","516","1","S","S","S","N","N"," "," "," "
"27","530","1","S","S","S","S","N","N","N","N"
"27","1388","1","S","S","N","N","N","N","N","N"
"30","3","1","S","S","S","S","N","S","S","S"
"30","516","1","S","S","S","S","N","S","S","S"
"31","248","1","S","S","S","S","N","S","S","S"
"32","255","1","S","S","S","S","N","S","S","S"
"32","516","1","S","N","N","N","N"," "," "," "
"32","530","1","S","S","S","S","N","N","N","N"
"33","248","2","S","S","S","S","N","S","S","S"
"34","1","2","S","S","S","N","N"," "," "," "
"37","255","1","S","S","S","S","N","S","S","S"
"38","1","1","S","S","S","N","N"," "," "," "
"38","1","2","S","S","S","S","N"," "," "," "
"38","3","1","S","S","S","S","N","S","S","S"
"38","290","1","S","S","S","S","N","S","S","S"
"39","248","1","S","S","S","S","N","S","S","S"
"41","1","2","S","N","N","N","N","S","S","S"
"41","1","4","S","N","N","N","N"," "," "," "
"41","1","7","S","N","N","N","N"," "," "," "
"41","8","1","S","S","S","S","N","S","S","S"
"41","9","1","S","S","S","S","N","S","S","S"
"41","10","1","S","S","S","S","N","S","S","S"
"41","11","1","S","S","S","S","N","S","S","S"
"41","12","1","S","S","S","S","N","S","S","S"
"41","13","1","S","S","S","S","N","S","S","S"
"41","127","11","S","N","N","N","N"," "," "," "
"41","181","3","S","S","S","N","N","S"," ","S"
"41","241","1","S","S","S","S","N","S","S","S"
"41","242","1","S","S","S","S","N","S","S","S"
"41","243","1","S","S","S","S","N","S","S","S"
"41","244","1","S","S","S","S","N","S","S","S"
"41","245","1","S","S","S","S","N","S","S","S"
"41","246","1","S","S","S","S","N","S","S","S"
"41","246","7","S","N","N","N","N"," "," "," "
"41","247","1","S","S","S","S","N","S","S","S"
"41","247","7","S","N","N","N","N"," "," "," "
"41","271","1","S","S","S","S","N","S","S","S"
"41","272","1","S","S","S","S","N","S","S","S"
"41","273","1","S","S","S","S","N","S","S","S"
"41","274","1","S","S","S","S","N","S","S","S"
"41","275","1","S","S","S","S","N","S","S","S"
"41","276","1","S","S","S","S","N","S","S","S"
"41","278","1","S","S","S","S","N","S","S","S"
"41","290","1","S","S","S","S","N","S","S","S"
"41","449","1","S","S","S","S","N","S","S","S"
"41","516","1","S","S","S","S","N","S","S","S"
"42","255","1","S","S","S","S","N","S","S","S"
"42","516","1","S","S","S","N","N"," "," "," "
"42","530","1","S","S","S","S","N","N","N","N"
"42","656","9","S","S","S","N","N"," "," "," "
"42","679","1","S","S","S","N","N"," "," "," "
"42","679","2","S","S","N","N","N"," "," "," "
"42","679","891","S","S","N","N","N"," "," "," "
"42","796","1","S","S","S","N","N"," "," "," "
"42","1377","1","S","S","S","N","N","N","N","N"
"42","1388","1","S","S","N","N","N","N","N","N"
"43","656","1","S","S","S","N","N"," "," "," "
"48","290","1","S","S","S","S","N","S","S","S"
"51","1","2","S","N","N","N","N","S"," ","S"
"53","255","1","S","S","S","S","N","S","S","S"
"53","516","1","S","S","S","S","N","S","S","S"
"53","530","1","S","S","S","S","N","N","N","N"
"53","656","9","S","S","S","N","N"," "," "," "
"53","679","1","S","S","S","N","N"," "," "," "
"53","679","13","S","S","S","N","N","N","N","N"
"53","1048","1","S","S","N","N","N"," "," "," "
"64","255","9","S","S","S","S","N","S","S","S"
"64","255","13","S","S","S","S","N","S","S","S"
"66","1","2","S","N","N","N","N","S","S","S"
"67","255","1","S","S","S","S","N","S","S","S"
"68","255","1","S","S","S","S","N","S","S","S"
"69","255","1","S","S","S","S","N","S","S","S"
"69","516","1","S","S","S","N","N","S","S","S"
"69","530","1","S","S","S","S","N","N","N","N"
"69","679","1","S","S","S","N","N"," "," "," "
"69","679","2","S","S","N","N","N","N","N","N"
"69","679","3","S","S","N","N","N","N","N","N"
"69","679","7","S","S","N","N","N","N","N","N"
"69","679","9","S","S","N","N","N","N","N","N"
"69","679","11","S","S","N","N","N","N","N","N"
"69","679","12","S","S","N","N","N","N","N","N"
"69","679","13","S","S","N","N","N","N","N","N"
"69","679","14","S","S","N","N","N","N","N","N"
"69","679","15","S","S","N","N","N","N","N","N"
"69","679","16","S","S","N","N","N","N","N","N"
"69","679","17","S","S","N","N","N","N","N","N"
"69","679","18","S","S","N","N","N","N","N","N"
"69","796","891","S","S","S","N","N","S","S","S"
"69","1048","891","S","S","S","N","N","S","S","S"
"69","1076","891","S","S","S","N","N"," "," "," "
"69","1377","1","S","S","S","S","N","N","N","N"
"69","1388","1","S","S","N","N","N","N","N","N"
"70","255","1","S","S","S","S","N","S","S","S"
"71","656","1","S","S","S","S","N","S","S","S"
"75","255","1","S","S","S","S","N","S","S","S"
"75","516","1","S","S","S","N","N"," "," "," "
"75","530","1","S","S","S","N","N","N","N","N"
"75","656","9","S","S","S","N","N"," "," "," "
"75","679","1","S","S","S","N","N"," "," "," "
"75","679","2","S","S","N","N","N"," "," "," "
"75","679","891","S","S","N","N","N"," "," "," "
"75","796","1","S","S","S","N","N"," "," "," "
"75","1377","1","S","S","S","S","N","N","N","N"
"75","1388","1","S","S","N","N","N","N","N","N"
"76","248","1","S","S","S","S","N","S"," "," "
"77","255","1","S","S","S","S","N","S","S","S"
"87","255","1","S","S","S","S","N","S","S","S"
"88","248","1","S","S","S","S","N","S","S","S"
"88","248","2","S","S","S","S","N","S","S","S"
"89","248","1","S","S","S","S","N","S","S","S"
"89","248","2","S","S","S","S","N","S","S","S"
"92","938","13","S","S","S","N","N","N","N","N"
"92","1033","17","N","N","N","N","N","N","N","N"
"99","248","2","S","S","S","S","N","S","S","S"
"101","1","1","S","S","S","N","N","S","S","S"
"101","248","1","S","N","N","N","N"," "," "," "
"104","255","1","S","S","S","S","N","S","S","S"
"104","516","1","S","S","S","N","N"," "," "," "
"104","530","1","S","S","S","S","N","N","N","N"
"104","1388","1","S","S","N","N","N","N","N","N"
"111","255","1","S","S","S","S","N","S","S","S"
"111","516","1","S","S","S","S","N","N","N","N"
"111","530","1","S","S","S","S","N","N","N","N"
"111","530","891","S","S","S","N","N"," "," "," "
"111","1377","1","S","S","S","N","N","N","N","N"
"120","1","1","S","S","S","N","N"," "," "," "
"121","692","1","S","S","S","N","N","N","N","N"
"121","938","13","S","S","S","N","N","N","N","N"
"121","1033","17","N","N","N","N","N","N","N","N"
"122","248","2","S","S","S","S","N","S","S","S"
"125","1","1","S","S","S","S","N","S","S","S"
"125","1","891","S","S","S","N","N","S","S","S"
"169","516","1","S","S","S","N","N","N","N","N"
"169","516","2","S","S","S","N","N","N","N","N"
"169","630","1","S","S","S","N","N","N","N","N"
"169","630","2","S","S","S","N","N","N","N","N"
"169","692","1","S","S","S","N","N","N","N","N"
"169","692","2","S","S","S","N","N","N","N","N"
"169","692","3","S","S","S","N","N","N","N","N"
"169","692","4","S","S","S","N","N","N","N","N"
"169","692","7","S","S","S","N","N","N","N","N"
"169","692","11","S","S","S","N","N","N","N","N"
"169","888","1","S","S","S","N","N","N","N","N"
"169","888","2","S","S","S","N","N","N","N","N"
"169","1243","1","S","S","S","N","N","N","N","N"
"169","1243","2","S","S","S","N","N","N","N","N"
"173","255","1","S","S","S","S","N","S","S","S"
"173","382","1","S","S","S","N","N","N","N","N"
"173","500","13","S","S","S","N","N","N","N","N"
"173","516","1","S","S","S","N","N"," "," "," "
"173","530","1","S","S","S","N","N","N","N","N"
"173","530","2","S","S","S","N","N","N","N","N"
"173","530","3","S","S","S","N","N","N","N","N"
"173","530","4","S","S","S","N","N","N","N","N"
"173","530","5","S","S","S","N","N","N","N","N"
"173","530","7","S","S","S","N","N","N","N","N"
"173","530","9","S","S","S","N","N","N","N","N"
"173","530","10","S","S","S","N","N","N","N","N"
"173","530","11","S","S","S","N","N","N","N","N"
"173","530","12","S","S","S","N","N","N","N","N"
"173","530","13","S","S","S","N","N","N","N","N"
"173","530","14","S","S","S","N","N","N","N","N"
"173","530","15","S","S","S","N","N","N","N","N"
"173","530","16","S","S","S","N","N","N","N","N"
"173","530","17","S","S","S","N","N","N","N","N"
"173","530","18","S","S","S","N","N","N","N","N"
"173","617","1","S","S","S","N","N","N","N","N"
"173","617","2","S","S","S","N","N","N","N","N"
"173","617","3","S","S","S","N","N","N","N","N"
"173","617","4","S","S","S","N","N","N","N","N"
"173","617","5","S","S","S","N","N","N","N","N"
"173","617","7","S","S","S","N","N","N","N","N"
"173","617","9","S","S","S","N","N","N","N","N"
"173","617","10","S","S","S","N","N","N","N","N"
"173","617","11","S","S","S","N","N","N","N","N"
"173","617","12","S","S","S","N","N","N","N","N"
"173","617","13","S","S","S","N","N","N","N","N"
"173","617","14","S","S","S","N","N","N","N","N"
"173","617","15","S","S","S","N","N","N","N","N"
"173","617","16","S","S","S","N","N","N","N","N"
"173","617","17","S","S","S","N","N","N","N","N"
"173","617","18","S","S","S","N","N","N","N","N"
"173","844","1","S","S","S","N","N","N","N","N"
"176","1","1","S","S","S","N","N","N","N","N"
"176","1","2","S","S","S","N","N","N","N","N"
"176","1","3","S","S","S","N","N","N","N","N"
"176","1","4","S","S","S","N","N","N","N","N"
"176","1","5","S","S","S","N","N","N","N","N"
"176","1","7","S","S","S","N","N","N","N","N"
"176","1","9","S","S","S","N","N","N","N","N"
"176","1","10","S","S","S","N","N","N","N","N"
"176","1","11","S","S","S","N","N","N","N","N"
"176","1","12","S","S","S","N","N","N","N","N"
"176","1","13","S","S","S","N","N","N","N","N"
"176","1","14","S","S","S","N","N","N","N","N"
"176","1","15","S","S","S","N","N","N","N","N"
"176","1","16","S","S","S","N","N","N","N","N"
"176","1","17","S","S","S","N","N","N","N","N"
"176","1","18","S","S","S","N","N","N","N","N"
"176","1048","1","S","S","S","S","N","N","N","N"
"176","1048","2","S","S","S","S","N","N","N","N"
"176","1048","3","S","S","S","S","N","N","N","N"
"176","1048","9","S","S","S","S","N","N","N","N"
"176","1048","11","S","S","S","S","N","N","N","N"
"176","1048","13","S","S","S","S","N","N","N","N"
"176","1048","14","S","S","S","S","N","N","N","N"
"177","1","1","S","S","N","N","N","N","N","N"
"177","1","2","S","S","N","N","N","N","N","N"
"177","1","3","S","S","N","N","N","N","N","N"
"177","1","4","S","S","N","N","N","N","N","N"
"177","1","5","S","S","N","N","N","N","N","N"
"177","1","7","S","S","N","N","N","N","N","N"
"177","1","9","S","S","N","N","N","N","N","N"
"177","1","10","S","S","N","N","N","N","N","N"
"177","1","11","S","S","N","N","N","N","N","N"
"177","1","12","S","S","N","N","N","N","N","N"
"177","1","13","S","S","N","N","N","N","N","N"
"177","1","14","S","S","N","N","N","N","N","N"
"177","1","15","S","S","N","N","N","N","N","N"
"177","1","16","S","S","N","N","N","N","N","N"
"177","1","17","S","S","N","N","N","N","N","N"
"177","1","18","S","S","N","N","N","N","N","N"
"177","530","1","S","S","S","S","N","N","N","N"
"177","530","2","S","S","S","S","N","N","N","N"
"177","530","3","S","S","S","S","N","N","N","N"
"177","530","4","S","S","S","S","N","N","N","N"
"177","530","5","S","S","S","S","N","N","N","N"
"177","530","7","S","S","S","S","N","N","N","N"
"177","530","9","S","S","S","S","N","N","N","N"
"177","530","10","S","S","S","S","N","N","N","N"
"177","530","11","S","S","S","S","N","N","N","N"
"177","530","12","S","S","S","S","N","N","N","N"
"177","530","13","S","S","S","S","N","N","N","N"
"177","530","14","S","S","S","S","N","N","N","N"
"177","530","15","S","S","S","S","N","N","N","N"
"177","530","16","S","S","S","S","N","N","N","N"
"177","530","17","S","S","S","S","N","N","N","N"
"177","530","18","S","S","S","S","N","N","N","N"
"177","692","1","S","S","S","S","N","N","N","N"
"177","1325","1","S","S","S","N","N","N","N","N"
"177","1325","2","S","S","S","N","N","N","N","N"
"177","1325","3","S","S","S","N","N","N","N","N"
"177","1325","4","S","S","S","N","N","N","N","N"
"177","1325","5","S","S","S","N","N","N","N","N"
"177","1325","7","S","S","S","N","N","N","N","N"
"177","1325","9","S","S","S","N","N","N","N","N"
"177","1325","10","S","S","S","N","N","N","N","N"
"177","1325","11","S","S","S","N","N","N","N","N"
"177","1325","12","S","S","S","N","N","N","N","N"
"177","1325","13","S","S","S","N","N","N","N","N"
"177","1325","14","S","S","S","N","N","N","N","N"
"177","1325","15","S","S","S","N","N","N","N","N"
"177","1325","16","S","S","S","N","N","N","N","N"
"177","1325","17","S","S","S","N","N","N","N","N"
"177","1325","18","S","S","S","N","N","N","N","N"
"177","1365","1","S","S","S","N","N","N","N","N"
"177","1365","2","S","S","S","N","N","N","N","N"
"177","1365","3","S","S","S","N","N","N","N","N"
"177","1365","4","S","S","S","N","N","N","N","N"
"177","1365","5","S","S","S","N","N","N","N","N"
"177","1365","7","S","S","S","N","N","N","N","N"
"177","1365","9","S","S","S","N","N","N","N","N"
"177","1365","10","S","S","S","N","N","N","N","N"
"177","1365","11","S","S","S","N","N","N","N","N"
"177","1365","12","S","S","S","N","N","N","N","N"
"177","1365","13","S","S","S","N","N","N","N","N"
"177","1365","14","S","S","S","N","N","N","N","N"
"177","1365","15","S","S","S","N","N","N","N","N"
"177","1365","16","S","S","S","N","N","N","N","N"
"177","1365","17","S","S","S","N","N","N","N","N"
"177","1365","18","S","S","S","N","N","N","N","N"
"177","1377","1","S","S","S","S","N","N","N","N"
"178","796","1","S","S","N","N","N","N","N","N"
"178","1388","1","S","S","N","N","N","N","N","N"
"181","862","891","S","S","S","S","N","S","S","S"
