"Servidor","CodProcesso","Tipo","Aplicativo","DtaExecucao","ExeMinuto","Prioridade","Solicitante","SeqProcesso","Descricao","Obs","LinkNro","LinkStr","Argumento","DNet","PrioridadeThread","ThreadNro","SEQFILA"
"2","SYNC","SEMPRE","INTERNO","02/09/2026 19:41:06","0,01","2","SERVPROCESSO","2","Sincronismo via GEP_Import"," Fila iniciada em 31/08/2026 09:10, no comput. COLWCRMBD","","","","","","","38188192"
"2","SERVPROCESSO","SEMPRE","INTERNO","02/09/2026 19:40:57","0,01","0","SERVPROCESSO","9","Servidor de processos 2"," Fila iniciada em 31/08/2026 09:10, no comput. COLWCRMBD","","","","","","","38188193"
"1","SERVPROCESSO","SEMPRE","INTERNO","02/09/2026 19:41:03","0,00","1","SERVPROCESSO","5","Servidor de processos"," Fila iniciada em 31/08/2026 09:10, no comput. COLWCRMBD","","","","","","","38188194"
"1","AGENDACTRL","SEMPRE","INTERNO","02/09/2026 19:49:03","10,00","5","SERVPROCESSO","8","Controla atrasos e andamentos da agenda"," Fila iniciada em 31/08/2026 09:10, no comput. COLWCRMBD","","","","","","","38188195"
"1","MOV_PESSOA","AUTO","INTERNO","02/09/2026 22:07:26","","3","MATHEUS.TEIXEIRA","","Movimentação de tabelas","","123967","","#ORIGEM=MOBILELITE#TRANS=1#USR=MATHEUS.TEIXEIRA#MSGC=1#PSTT=1#FONETICA=1#SIMILAR=1","","","","38199253"
"1","MOV_PESSOA","AUTO","INTERNO","02/09/2026 22:07:28","","3","MATHEUS.TEIXEIRA","","Movimentação de tabelas","","123968","","#ORIGEM=MOBILELITE#TRANS=1#USR=MATHEUS.TEIXEIRA#MSGC=1#PSTT=1#FONETICA=1#SIMILAR=1","","","","38199254"
"1","MOV_PESSOA","AUTO","INTERNO","02/09/2026 22:07:28","","3","MATHEUS.TEIXEIRA","","Movimentação de tabelas","","123967","","#ORIGEM=MOBILELITE#TRANS=1#USR=MATHEUS.TEIXEIRA#MSGC=1#PSTT=1#IVSPES=1","","","","38199255"
"1","MOV_PESSOA","AUTO","INTERNO","02/09/2026 22:07:28","","3","MATHEUS.TEIXEIRA","","Movimentação de tabelas","","123968","","#ORIGEM=MOBILELITE#TRANS=1#USR=MATHEUS.TEIXEIRA#MSGC=1#PSTT=1#IVSPES=1","","","","38199256"
"1","MOV_PROCESSO","AUTO","INTERNO","02/09/2026 22:07:29","","3","MATHEUS.TEIXEIRA","","Movimentação de tabelas","","1620461","","#ORIGEM=MOBILELITE#TRANS=1#USR=MATHEUS.TEIXEIRA#MSGC=1#PSTT=1","","","","38199257"
"1","MOV_PROCESSO","AUTO","INTERNO","02/09/2026 22:07:29","","3","MATHEUS.TEIXEIRA","","Movimentação de tabelas","","1620461","","#ORIGEM=MOBILELITE#TRANS=1#USR=MATHEUS.TEIXEIRA#MSGC=1#PSTT=1","","","","38199258"
"1","MOV_PROCESSO","AUTO","INTERNO","02/09/2026 22:07:30","","3","MATHEUS.TEIXEIRA","","Movimentação de tabelas","","1620462","","#ORIGEM=MOBILELITE#TRANS=1#USR=MATHEUS.TEIXEIRA#MSGC=1#PSTT=1","","","","38199259"
"1","MOV_PROCESSO","AUTO","INTERNO","02/09/2026 22:07:30","","3","MATHEUS.TEIXEIRA","","Movimentação de tabelas","","1620462","","#ORIGEM=MOBILELITE#TRANS=1#USR=MATHEUS.TEIXEIRA#MSGC=1#PSTT=1","","","","38199260"
"1","MOV_AGENDA","AUTO","INTERNO","02/09/2026 22:07:31","","3","MATHEUS.TEIXEIRA","","Movimentação de tabelas","","1827977","","#ORIGEM=MOBILELITE#TRANS=1#USR=MATHEUS.TEIXEIRA#MSGC=1#PSTT=1","","","","38199261"
"1","MOV_PROCESSO","AUTO","INTERNO","02/09/2026 22:07:31","","3","MATHEUS.TEIXEIRA","","Movimentação de tabelas","","1620461","","#ORIGEM=MOBILELITE#TRANS=2#USR=MATHEUS.TEIXEIRA#MSGC=1#PSTT=1","","","","38199262"
"1","MOV_AGENDA","AUTO","INTERNO","02/09/2026 22:07:31","","3","MATHEUS.TEIXEIRA","","Movimentação de tabelas","","1827978","","#ORIGEM=MOBILELITE#TRANS=1#USR=MATHEUS.TEIXEIRA#MSGC=1#PSTT=1","","","","38199263"
"1","MOV_PROCESSO","AUTO","INTERNO","02/09/2026 22:07:31","","3","MATHEUS.TEIXEIRA","","Movimentação de tabelas","","1620462","","#ORIGEM=MOBILELITE#TRANS=2#USR=MATHEUS.TEIXEIRA#MSGC=1#PSTT=1","","","","38199264"
"1","MOV_PROCESSO","AUTO","INTERNO","02/09/2026 22:07:39","","3","MATHEUS.TEIXEIRA","","Movimentação de tabelas","","1615624","","#ORIGEM=MOBILELITE#TRANS=2#USR=MATHEUS.TEIXEIRA#MSGC=1#PSTT=1","","","","38199265"
"1","MOV_AGENDA","AUTO","INTERNO","02/09/2026 22:07:39","","3","MATHEUS.TEIXEIRA","","Movimentação de tabelas","","1820020","","#ORIGEM=MOBILELITE#TRANS=2#USR=MATHEUS.TEIXEIRA#MSGC=1#PSTT=1","","","","38199266"
"1","MOV_PROCESSO","AUTO","INTERNO","02/09/2026 22:07:39","","3","MATHEUS.TEIXEIRA","","Movimentação de tabelas","","1615624","","#ORIGEM=MOBILELITE#TRANS=2#USR=MATHEUS.TEIXEIRA#MSGC=1#PSTT=1","","","","38199267"
"1","MOV_AGENDA","AUTO","INTERNO","02/09/2026 22:07:39","","3","MATHEUS.TEIXEIRA","","Movimentação de tabelas","","1820020","","#ORIGEM=MOBILELITE#TRANS=2#USR=MATHEUS.TEIXEIRA#MSGC=1#PSTT=1","","","","38199268"
"1","MOV_PROCESSO","AUTO","INTERNO","02/09/2026 22:07:39","","3","MATHEUS.TEIXEIRA","","Movimentação de tabelas","","1615624","","#ORIGEM=MOBILELITE#TRANS=2#USR=MATHEUS.TEIXEIRA#MSGC=1#PSTT=1","","","","38199269"
"1","MOV_PROCESSO","AUTO","INTERNO","02/09/2026 22:07:39","","3","MATHEUS.TEIXEIRA","","Movimentação de tabelas","","1525388","","#ORIGEM=MOBILELITE#TRANS=2#USR=MATHEUS.TEIXEIRA#MSGC=1#PSTT=1","","","","38199270"
"1","MOV_AGENDA","AUTO","INTERNO","02/09/2026 22:07:39","","3","MATHEUS.TEIXEIRA","","Movimentação de tabelas","","1823613","","#ORIGEM=MOBILELITE#TRANS=2#USR=MATHEUS.TEIXEIRA#MSGC=1#PSTT=1","","","","38199271"
"1","MOV_PROCESSO","AUTO","INTERNO","02/09/2026 22:07:39","","3","MATHEUS.TEIXEIRA","","Movimentação de tabelas","","1525388","","#ORIGEM=MOBILELITE#TRANS=2#USR=MATHEUS.TEIXEIRA#MSGC=1#PSTT=1","","","","38199272"
"1","MOV_AGENDA","AUTO","INTERNO","02/09/2026 22:07:40","","3","MATHEUS.TEIXEIRA","","Movimentação de tabelas","","1823613","","#ORIGEM=MOBILELITE#TRANS=2#USR=MATHEUS.TEIXEIRA#MSGC=1#PSTT=1","","","","38199273"
"1","MOV_PROCESSO","AUTO","INTERNO","02/09/2026 22:07:40","","3","MATHEUS.TEIXEIRA","","Movimentação de tabelas","","1525388","","#ORIGEM=MOBILELITE#TRANS=2#USR=MATHEUS.TEIXEIRA#MSGC=1#PSTT=1","","","","38199274"
"1","MOV_PROCESSO","AUTO","INTERNO","02/09/2026 22:07:40","","3","MATHEUS.TEIXEIRA","","Movimentação de tabelas","","1525453","","#ORIGEM=MOBILELITE#TRANS=2#USR=MATHEUS.TEIXEIRA#MSGC=1#PSTT=1","","","","38199275"
"1","MOV_AGENDA","AUTO","INTERNO","02/09/2026 22:07:40","","3","MATHEUS.TEIXEIRA","","Movimentação de tabelas","","1825984","","#ORIGEM=MOBILELITE#TRANS=2#USR=MATHEUS.TEIXEIRA#MSGC=1#PSTT=1","","","","38199276"
"1","MOV_PROCESSO","AUTO","INTERNO","02/09/2026 22:07:40","","3","MATHEUS.TEIXEIRA","","Movimentação de tabelas","","1525453","","#ORIGEM=MOBILELITE#TRANS=2#USR=MATHEUS.TEIXEIRA#MSGC=1#PSTT=1","","","","38199277"
"1","MOV_AGENDA","AUTO","INTERNO","02/09/2026 22:07:40","","3","MATHEUS.TEIXEIRA","","Movimentação de tabelas","","1825984","","#ORIGEM=MOBILELITE#TRANS=2#USR=MATHEUS.TEIXEIRA#MSGC=1#PSTT=1","","","","38199278"
"1","MOV_PROCESSO","AUTO","INTERNO","02/09/2026 22:07:40","","3","MATHEUS.TEIXEIRA","","Movimentação de tabelas","","1525453","","#ORIGEM=MOBILELITE#TRANS=2#USR=MATHEUS.TEIXEIRA#MSGC=1#PSTT=1","","","","38199279"
"1","MOV_PROCESSO","AUTO","INTERNO","02/09/2026 22:07:41","","3","MATHEUS.TEIXEIRA","","Movimentação de tabelas","","1615624","","#ORIGEM=MOBILELITE#TRANS=2#USR=MATHEUS.TEIXEIRA#MSGC=1#PSTT=1","","","","38199280"
"1","MOV_AGENDA","AUTO","INTERNO","02/09/2026 22:07:41","","3","MATHEUS.TEIXEIRA","","Movimentação de tabelas","","1820020","","#ORIGEM=MOBILELITE#TRANS=2#USR=MATHEUS.TEIXEIRA#MSGC=1#PSTT=1","","","","38199281"
"1","MOV_PROCESSO","AUTO","INTERNO","02/09/2026 22:07:41","","3","MATHEUS.TEIXEIRA","","Movimentação de tabelas","","1615624","","#ORIGEM=MOBILELITE#TRANS=2#USR=MATHEUS.TEIXEIRA#MSGC=1#PSTT=1","","","","38199282"
"1","MOV_AGENDA","AUTO","INTERNO","02/09/2026 22:07:41","","3","MATHEUS.TEIXEIRA","","Movimentação de tabelas","","1820020","","#ORIGEM=MOBILELITE#TRANS=2#USR=MATHEUS.TEIXEIRA#MSGC=1#PSTT=1","","","","38199283"
"1","MOV_PROCESSO","AUTO","INTERNO","02/09/2026 22:07:41","","3","MATHEUS.TEIXEIRA","","Movimentação de tabelas","","1615624","","#ORIGEM=MOBILELITE#TRANS=2#USR=MATHEUS.TEIXEIRA#MSGC=1#PSTT=1","","","","38199284"
"1","MOV_PROCESSO","AUTO","INTERNO","02/09/2026 22:07:41","","3","MATHEUS.TEIXEIRA","","Movimentação de tabelas","","1615624","","#ORIGEM=MOBILELITE#TRANS=2#USR=MATHEUS.TEIXEIRA#MSGC=1#PSTT=1","","","","38199285"
"1","MOV_AGENDA","AUTO","INTERNO","02/09/2026 22:07:42","","3","MATHEUS.TEIXEIRA","","Movimentação de tabelas","","1820020","","#ORIGEM=MOBILELITE#TRANS=2#USR=MATHEUS.TEIXEIRA#MSGC=1#PSTT=1","","","","38199286"
"1","MOV_PROCESSO","AUTO","INTERNO","02/09/2026 22:07:42","","3","MATHEUS.TEIXEIRA","","Movimentação de tabelas","","1615624","","#ORIGEM=MOBILELITE#TRANS=2#USR=MATHEUS.TEIXEIRA#MSGC=1#PSTT=1","","","","38199287"
"1","MOV_AGENDA","AUTO","INTERNO","02/09/2026 22:07:42","","3","MATHEUS.TEIXEIRA","","Movimentação de tabelas","","1820020","","#ORIGEM=MOBILELITE#TRANS=2#USR=MATHEUS.TEIXEIRA#MSGC=1#PSTT=1","","","","38199288"
"1","MOV_PROCESSO","AUTO","INTERNO","02/09/2026 22:07:42","","3","MATHEUS.TEIXEIRA","","Movimentação de tabelas","","1615624","","#ORIGEM=MOBILELITE#TRANS=2#USR=MATHEUS.TEIXEIRA#MSGC=1#PSTT=1","","","","38199289"
"1","MOV_PROCESSO","AUTO","INTERNO","02/09/2026 22:10:40","","3","MATHEUS.TEIXEIRA","","Movimentação de tabelas","","1619395","","#ORIGEM=MOBILELITE#TRANS=2#USR=MATHEUS.TEIXEIRA#MSGC=1#PSTT=1","","","","38199290"
"1","MOV_AGENDA","AUTO","INTERNO","02/09/2026 22:10:40","","3","MATHEUS.TEIXEIRA","","Movimentação de tabelas","","1826035","","#ORIGEM=MOBILELITE#TRANS=2#USR=MATHEUS.TEIXEIRA#MSGC=1#PSTT=1","","","","38199291"
"1","MOV_PROCESSO","AUTO","INTERNO","02/09/2026 22:10:40","","3","MATHEUS.TEIXEIRA","","Movimentação de tabelas","","1619395","","#ORIGEM=MOBILELITE#TRANS=2#USR=MATHEUS.TEIXEIRA#MSGC=1#PSTT=1","","","","38199292"
"1","MOV_AGENDA","AUTO","INTERNO","02/09/2026 22:10:40","","3","MATHEUS.TEIXEIRA","","Movimentação de tabelas","","1826035","","#ORIGEM=MOBILELITE#TRANS=2#USR=MATHEUS.TEIXEIRA#MSGC=1#PSTT=1","","","","38199293"
"1","MOV_PROCESSO","AUTO","INTERNO","02/09/2026 22:10:40","","3","MATHEUS.TEIXEIRA","","Movimentação de tabelas","","1619395","","#ORIGEM=MOBILELITE#TRANS=2#USR=MATHEUS.TEIXEIRA#MSGC=1#PSTT=1","","","","38199294"
"1","MOV_PESSOA","AUTO","INTERNO","02/09/2026 22:19:17","","3","IGOR.MODESTO","","Movimentação de tabelas","","123969","","#ORIGEM=MOBILELITE#TRANS=1#USR=IGOR.MODESTO#MSGC=1#PSTT=1#FONETICA=1#SIMILAR=1","","","","38199295"
"1","MOV_PESSOA","AUTO","INTERNO","02/09/2026 22:19:18","","3","IGOR.MODESTO","","Movimentação de tabelas","","123969","","#ORIGEM=MOBILELITE#TRANS=1#USR=IGOR.MODESTO#MSGC=1#PSTT=1#IVSPES=1","","","","38199296"
"1","MOV_PROCESSO","AUTO","INTERNO","02/09/2026 22:19:18","","3","IGOR.MODESTO","","Movimentação de tabelas","","1620463","","#ORIGEM=MOBILELITE#TRANS=1#USR=IGOR.MODESTO#MSGC=1#PSTT=1","","","","38199297"
"1","MOV_PROCESSO","AUTO","INTERNO","02/09/2026 22:19:18","","3","IGOR.MODESTO","","Movimentação de tabelas","","1620463","","#ORIGEM=MOBILELITE#TRANS=1#USR=IGOR.MODESTO#MSGC=1#PSTT=1","","","","38199298"
"1","MOV_AGENDA","AUTO","INTERNO","02/09/2026 22:19:18","","3","IGOR.MODESTO","","Movimentação de tabelas","","1827979","","#ORIGEM=MOBILELITE#TRANS=1#USR=IGOR.MODESTO#MSGC=1#PSTT=1","","","","38199299"
"1","MOV_PROCESSO","AUTO","INTERNO","02/09/2026 22:19:18","","3","IGOR.MODESTO","","Movimentação de tabelas","","1620463","","#ORIGEM=MOBILELITE#TRANS=2#USR=IGOR.MODESTO#MSGC=1#PSTT=1","","","","38199300"
"1","MOV_PROCESSO","AUTO","INTERNO","02/09/2026 22:19:20","","3","IGOR.MODESTO","","Movimentação de tabelas","","1609392","","#ORIGEM=MOBILELITE#TRANS=2#USR=IGOR.MODESTO#MSGC=1#PSTT=1","","","","38199301"
"1","MOV_AGENDA","AUTO","INTERNO","02/09/2026 22:19:20","","3","IGOR.MODESTO","","Movimentação de tabelas","","1824595","","#ORIGEM=MOBILELITE#TRANS=2#USR=IGOR.MODESTO#MSGC=1#PSTT=1","","","","38199302"
"1","MOV_PROCESSO","AUTO","INTERNO","02/09/2026 22:19:20","","3","IGOR.MODESTO","","Movimentação de tabelas","","1609392","","#ORIGEM=MOBILELITE#TRANS=2#USR=IGOR.MODESTO#MSGC=1#PSTT=1","","","","38199303"
"1","MOV_AGENDA","AUTO","INTERNO","02/09/2026 22:19:20","","3","IGOR.MODESTO","","Movimentação de tabelas","","1824595","","#ORIGEM=MOBILELITE#TRANS=2#USR=IGOR.MODESTO#MSGC=1#PSTT=1","","","","38199304"
"1","MOV_PROCESSO","AUTO","INTERNO","02/09/2026 22:19:20","","3","IGOR.MODESTO","","Movimentação de tabelas","","1609392","","#ORIGEM=MOBILELITE#TRANS=2#USR=IGOR.MODESTO#MSGC=1#PSTT=1","","","","38199305"
"1","MOV_PROCESSO","AUTO","INTERNO","02/09/2026 22:19:20","","3","IGOR.MODESTO","","Movimentação de tabelas","","1614918","","#ORIGEM=MOBILELITE#TRANS=2#USR=IGOR.MODESTO#MSGC=1#PSTT=1","","","","38199306"
"1","MOV_AGENDA","AUTO","INTERNO","02/09/2026 22:19:20","","3","IGOR.MODESTO","","Movimentação de tabelas","","1824596","","#ORIGEM=MOBILELITE#TRANS=2#USR=IGOR.MODESTO#MSGC=1#PSTT=1","","","","38199307"
"1","MOV_PROCESSO","AUTO","INTERNO","02/09/2026 22:19:20","","3","IGOR.MODESTO","","Movimentação de tabelas","","1614918","","#ORIGEM=MOBILELITE#TRANS=2#USR=IGOR.MODESTO#MSGC=1#PSTT=1","","","","38199308"
"1","MOV_AGENDA","AUTO","INTERNO","02/09/2026 22:19:20","","3","IGOR.MODESTO","","Movimentação de tabelas","","1824596","","#ORIGEM=MOBILELITE#TRANS=2#USR=IGOR.MODESTO#MSGC=1#PSTT=1","","","","38199309"
"1","MOV_PROCESSO","AUTO","INTERNO","02/09/2026 22:19:20","","3","IGOR.MODESTO","","Movimentação de tabelas","","1614918","","#ORIGEM=MOBILELITE#TRANS=2#USR=IGOR.MODESTO#MSGC=1#PSTT=1","","","","38199310"
"1","MOV_PROCESSO","AUTO","INTERNO","02/09/2026 22:19:20","","3","IGOR.MODESTO","","Movimentação de tabelas","","1615649","","#ORIGEM=MOBILELITE#TRANS=2#USR=IGOR.MODESTO#MSGC=1#PSTT=1","","","","38199311"
"1","MOV_AGENDA","AUTO","INTERNO","02/09/2026 22:19:20","","3","IGOR.MODESTO","","Movimentação de tabelas","","1820129","","#ORIGEM=MOBILELITE#TRANS=2#USR=IGOR.MODESTO#MSGC=1#PSTT=1","","","","38199312"
"1","MOV_PROCESSO","AUTO","INTERNO","02/09/2026 22:19:20","","3","IGOR.MODESTO","","Movimentação de tabelas","","1615649","","#ORIGEM=MOBILELITE#TRANS=2#USR=IGOR.MODESTO#MSGC=1#PSTT=1","","","","38199313"
"1","MOV_AGENDA","AUTO","INTERNO","02/09/2026 22:19:21","","3","IGOR.MODESTO","","Movimentação de tabelas","","1820129","","#ORIGEM=MOBILELITE#TRANS=2#USR=IGOR.MODESTO#MSGC=1#PSTT=1","","","","38199314"
"1","MOV_PROCESSO","AUTO","INTERNO","02/09/2026 22:19:21","","3","IGOR.MODESTO","","Movimentação de tabelas","","1615649","","#ORIGEM=MOBILELITE#TRANS=2#USR=IGOR.MODESTO#MSGC=1#PSTT=1","","","","38199315"
"1","MOV_PROCESSO","AUTO","INTERNO","02/09/2026 22:19:21","","3","IGOR.MODESTO","","Movimentação de tabelas","","1608457","","#ORIGEM=MOBILELITE#TRANS=2#USR=IGOR.MODESTO#MSGC=1#PSTT=1","","","","38199316"
"1","MOV_AGENDA","AUTO","INTERNO","02/09/2026 22:19:21","","3","IGOR.MODESTO","","Movimentação de tabelas","","1816586","","#ORIGEM=MOBILELITE#TRANS=2#USR=IGOR.MODESTO#MSGC=1#PSTT=1","","","","38199317"
"1","MOV_PROCESSO","AUTO","INTERNO","02/09/2026 22:19:21","","3","IGOR.MODESTO","","Movimentação de tabelas","","1608457","","#ORIGEM=MOBILELITE#TRANS=2#USR=IGOR.MODESTO#MSGC=1#PSTT=1","","","","38199318"
"1","MOV_AGENDA","AUTO","INTERNO","02/09/2026 22:19:21","","3","IGOR.MODESTO","","Movimentação de tabelas","","1816586","","#ORIGEM=MOBILELITE#TRANS=2#USR=IGOR.MODESTO#MSGC=1#PSTT=1","","","","38199319"
"1","MOV_PROCESSO","AUTO","INTERNO","02/09/2026 22:19:21","","3","IGOR.MODESTO","","Movimentação de tabelas","","1608457","","#ORIGEM=MOBILELITE#TRANS=2#USR=IGOR.MODESTO#MSGC=1#PSTT=1","","","","38199320"
"1","MOV_PROCESSO","AUTO","INTERNO","02/09/2026 22:20:38","","3","IGOR.MODESTO","","Movimentação de tabelas","","1620464","","#ORIGEM=MOBILELITE#TRANS=1#USR=IGOR.MODESTO#MSGC=1#PSTT=1","","","","38199321"
"1","MOV_PROCESSO","AUTO","INTERNO","02/09/2026 22:20:38","","3","IGOR.MODESTO","","Movimentação de tabelas","","1620464","","#ORIGEM=MOBILELITE#TRANS=1#USR=IGOR.MODESTO#MSGC=1#PSTT=1","","","","38199322"
"1","MOV_AGENDA","AUTO","INTERNO","02/09/2026 22:20:38","","3","IGOR.MODESTO","","Movimentação de tabelas","","1827980","","#ORIGEM=MOBILELITE#TRANS=1#USR=IGOR.MODESTO#MSGC=1#PSTT=1","","","","38199323"
"1","MOV_PROCESSO","AUTO","INTERNO","02/09/2026 22:20:38","","3","IGOR.MODESTO","","Movimentação de tabelas","","1620464","","#ORIGEM=MOBILELITE#TRANS=2#USR=IGOR.MODESTO#MSGC=1#PSTT=1","","","","38199324"
"1","MOV_PROCESSO","AUTO","INTERNO","02/09/2026 22:20:39","","3","IGOR.MODESTO","","Movimentação de tabelas","","1603588","","#ORIGEM=MOBILELITE#TRANS=2#USR=IGOR.MODESTO#MSGC=1#PSTT=1","","","","38199325"
"1","MOV_AGENDA","AUTO","INTERNO","02/09/2026 22:20:39","","3","IGOR.MODESTO","","Movimentação de tabelas","","1796121","","#ORIGEM=MOBILELITE#TRANS=2#USR=IGOR.MODESTO#MSGC=1#PSTT=1","","","","38199326"
"1","MOV_PROCESSO","AUTO","INTERNO","02/09/2026 22:20:39","","3","IGOR.MODESTO","","Movimentação de tabelas","","1603588","","#ORIGEM=MOBILELITE#TRANS=2#USR=IGOR.MODESTO#MSGC=1#PSTT=1","","","","38199327"
"1","MOV_AGENDA","AUTO","INTERNO","02/09/2026 22:20:39","","3","IGOR.MODESTO","","Movimentação de tabelas","","1796121","","#ORIGEM=MOBILELITE#TRANS=2#USR=IGOR.MODESTO#MSGC=1#PSTT=1","","","","38199328"
"1","MOV_PROCESSO","AUTO","INTERNO","02/09/2026 22:20:39","","3","IGOR.MODESTO","","Movimentação de tabelas","","1603588","","#ORIGEM=MOBILELITE#TRANS=2#USR=IGOR.MODESTO#MSGC=1#PSTT=1","","","","38199329"
