"SeqJOBAgd","Tipo","NroZUMBI","DtaInicio","Codigo","Descricao","Aplicacao","Prioridade","THREADEXCLUSIVA","Argumento","IntervaloExec","UltimaExecucao","NroTENTATIVA","IntervaloTENTATIVA","DiasVIdALOG","PlanoExec","ExecucaoExclusiva","SEQJOB"
"2","CICLICA","1","02/09/2026 23:15:15","CRMOUT_AGD_SEND","REALIZA O AGENDAMENTO E ENVIO DE EMAILS DO OUTCRM","","3","","","15","02/09/2026 23:00:16","","","","","","7"
"4","CICLICA","","02/09/2026 23:09:18","APPVTC","EXECUTÁVEIS QUE SERÃO INICIALIZADOS PELO ZUMBI DE ","C:\VORTICE\TDEV\APPSRV\VCRM_RUNIMPORTIMP.EXE","3","","#MONITORA=1","5","02/09/2026 23:04:18","","","","","1",""
"5","CICLICA","","30/07/2999 09:17:56","APPEXEC","EXECUTÁVEIS QUE SERÃO INICIALIZADOS PELO ZUMBI DE ","D:\VORTICE\PDI\KITCHEN_VEICULO.LNK","3","","","1440","30/07/2021 17:48:37","","","","","0",""
"6","CICLICA","","29/07/2999 23:00:00","APPEXEC","EXECUTÁVEIS QUE SERÃO INICIALIZADOS PELO ZUMBI DE ","D:\VORTICE\PDI\KITCHEN_PECAS.LNK","3","","","1440","29/07/2021 16:00:00","","","","#HR=07:00,12:00,16:00,23:00","0",""
"7","CICLICA","","29/07/2999 20:00:00","APPEXEC","EXECUTÁVEIS QUE SERÃO INICIALIZADOS PELO ZUMBI DE ","D:\VORTICE\PDI\PAN_IMP_VEICULO.LNK","3","","","1440","29/07/2021 14:00:00","","","","#HR=14,20;","0",""
"8","CICLICA","","02/09/2026 23:30:00","GT_STATUS_SEND","ENVIA O STATUS DOS SERVIDORES À VÓRTICE.","","3","","","30","02/09/2026 23:00:01","","","","","","24"
"9","CICLICA","","03/09/2026 14:30:00","APPVTC","EXECUTÁVEIS QUE SERÃO INICIALIZADOS PELO VORTICO S","C:\CLIENTVTC\GLOBAL\VCRM_IMPORTADORAGDSDI_AUTO.EXE","3","","#MONITORA=1#SESSAO=GLOBAL#TPIMPORT=1","1440","02/09/2026 20:30:00","","","","#HR=14:30,20:30;","1",""
"10","CICLICA","","30/07/2999 07:00:00","APPEXEC","EXECUTÁVEIS QUE SERÃO INICIALIZADOS PELO ZUMBI DE ","D:\VORTICE\PDI\INTEGRA BLOQ DOCUMENTAÇÃO.LNK","3","","","1440","29/07/2021 12:00:01","","","","#HR=07,12","0",""
"12","CICLICA","","22/05/2039 10:30:00","COBRANCA_CRIT","REALIZA O PROCESSAMENTO DOS CRITÉRIOS DE COBRANÇA","","5","","","1440","21/05/2025 16:30:01","","","","#HR=10:30,12:30,14:30,16:30","","38"
"13","CICLICA","","30/07/2999 09:00:00","APPEXEC","EXECUTÁVEIS QUE SERÃO INICIALIZADOS PELO VORTICO S","D:\VORTICE\PDI\PAN_TITULOS_SISDIA.LNK","3","","","","29/07/2021 16:00:00","","","","#HR=09:00,13:00,16:00","0",""
"14","CICLICA","","30/07/2999 09:30:00","APPEXEC","EXECUTÁVEIS QUE SERÃO INICIALIZADOS PELO VORTICO S","D:\VORTICE\PDI\KITCHEN_TITULOS_ACRESC.LNK","3","","","1440","29/07/2021 16:30:01","","","","#HR=09:30,13:30,16:30","0",""
"15","CICLICA","","02/09/2026 23:08:00","EMAIL_SEND","EFETUA O ENVIO DE EMAILS","","3","","","3","02/09/2026 23:05:00","","","","","","14"
"34","INTERNA","","07/02/2020 10:23:53","SMS_SEND","REALIZA O ENVIO DE SMS","","3","","","1","","","","","","","10"
"35","CICLICA","","29/04/2028 08:06:00","EMAIL_IN_CRM","EFETUA INTEGRAÇÃO DE EMAILS AO CRM","","3","","","1","29/04/2024 08:05:01","","","","","","13"
"36","INTERNA","","30/07/2021 18:01:01","MOV_PESSOA","REALIZA A MOVIMENTAÇÃO DE PESSOAS.","","3","","","1","","","","","","","46"
"37","CICLICA","","05/10/2125 16:00:00","PROCEDURE","EXECUTÁVEIS QUE SERÃO INICIALIZADOS PELO VORTICO S","PR_INT_PROPROS","3","","","480","18/09/2025 08:00:02","","","","","0","62"
"38","CICLICA","","03/09/2026 07:00:00","PROCEDURE","EXECUTÁVEIS QUE SERÃO INICIALIZADOS PELO VORTICO S","PR_ATU_FORMPRODTOTVS","3","","","1440","02/09/2026 07:00:00","","","","","0","63"
"39","CICLICA","","03/09/2026 04:05:20","PROCEDURE","EXECUTÁVEIS QUE SERÃO INICIALIZADOS PELO VORTICO S","PR_ATU_STATUS_DEPTO","3","","","1440","02/09/2026 04:05:20","","","","","0","66"
"40","CICLICA","","02/09/2026 23:20:00","APPVTC","EXECUTÁVEIS QUE SERÃO INICIALIZADOS PELO VORTICO S","C:\VORTICE\TDEV\APPSRV\VCRM_RUNGEPIMPORT.EXE","3","","#MONITORA=1","20","02/09/2026 23:00:02","","","","","1",""
"41","INTERNA","","08/05/2025 14:14:49","SYNCSAT_PRODUTOS_GERA","CHAMADA AVULSA PARA GERAR/ATUALIZAR FILA SYNCUSRS","","3","","","1","","","","","","","70"
"42","CICLICA","","03/09/2026 05:00:00","SYNCSAT_PRODUTOS_GERA_AUTO","GERA/ATUALIZA FILA SYNCUSRSAT DE PRODUTOS DE FORM","","3","","","1440","02/09/2026 05:00:02","","","","","","69"
"43","CICLICA","","02/09/2026 23:10:32","PROCEDURE","EXECUTÁVEIS QUE SERÃO INICIALIZADOS PELO VORTICO S","VTC_P_GERAAPROVACAO","3","","","5","02/09/2026 23:05:32","","","","","0","71"
"44","CICLICA","","02/09/2026 23:10:10","PROCEDURE","EXECUTÁVEIS QUE SERÃO INICIALIZADOS PELO VORTICO S","VTC_P_GERAAGUARDENTREGA","3","","","5","02/09/2026 23:05:11","","","","","0","72"
"45","CICLICA","","02/09/2026 23:10:28","PROCEDURE","EXECUTÁVEIS QUE SERÃO INICIALIZADOS PELO VORTICO S","VTC_P_GERACONDPAGTO","3","","","5","02/09/2026 23:05:28","","","","","0","73"
"46","CICLICA","","03/11/2028 09:32:28","PROCEDURE","EXECUTÁVEIS QUE SERÃO INICIALIZADOS PELO VORTICO S","PR_VTC_INTVEICULO","3","","","10","","","","","","0","74"
