"SeqGlbPar","Campo","SeqPropriLista","Lista"
"2","C1","1","Plantadora de Cana"
"2","C1","3","Transbordo"
"2","C1","4","Distribuidora Cana"
"3","C1","1","John Deere"
"3","C2","1","John Deere"
"26","C1","1","1) Monitoramento"
"26","C1","2","2) Prospecção"
"26","C1","3","3) Oportunidade"
"26","C1","4","4) Pedido"
"26","C1","5","5) Faturado"
"26","C1","6","6) Desistiu Compra"
"26","C1","7","7) Venda Perdida"
"26","C1","8","8) Venda Cancelada"
"27","C1","1","Imp Green System"
"27","C1","2","Consórcio"
"27","C1","3","Tratores"
"27","C1","4","Implementos"
"27","C1","5","Colheitadeira grãos"
"27","C1","6","Plantadeira"
"27","C1","7","Colhedora de cana"
"27","C1","8","Agricultura precisão"
"27","C1","9","Pulverizador"
"27","C1","10","Plataforma adicional"
"9401","C6","1","2014"
"9401","C6","2","2013"
"9401","C6","3","2012"
"9401","C6","4","2011"
"9401","C6","5","2010"
"9401","C6","6","2009"
"9401","C6","7","2008"
"9401","C6","8","2007"
"9401","C6","9","2006"
"9401","C6","10","2005"
"9401","C6","11","2004"
"9401","C6","12","2003"
"9401","C6","13","2002"
"9401","C6","14","2001"
"9401","C6","15","2000"
"9401","C6","16","1999"
"9401","C6","17","1998"
"9401","C6","18","1997"
"9401","C6","19","1996"
"9401","C6","20","1995"
"9401","C6","21","<1995"
"9401","C6","22","< 2000"
"9401","C6","23","2015"
"9401","C6","47","2025"
"9401","C6","48","2024"
"9401","C6","49","2023"
"9401","C6","50","2022"
"9401","C6","51","2021"
"9401","C6","52","2020"
"9401","C6","53","2019"
"9401","C6","54","2018"
"9401","C6","55","2017"
"9401","C6","56","2016"
"9403","C1","1","Eucalipto"
"9403","C1","3","Cebola"
"9403","C1","4","Cana"
"9403","C1","5","Café"
"9403","C1","6","Banana"
"9403","C1","7","Arroz"
"9403","C1","8","Amendoim"
"9403","C1","9","Algodão"
"9403","C1","10","Abacaxi"
"9403","C1","22","Gado de Corte"
"9403","C1","24","Leite"
"9403","C1","26","Goiaba"
"9403","C1","27","Feijão"
"9403","C1","28","Laranja"
"9403","C2","3","Grãos"
"9403","C2","4","Outros"
"9403","C2","5","Fruticultura"
"9403","C2","6","Silvicultura"
"9403","C2","8","Outra Criação Animal"
"9403","C2","10","Pecuária"
"9403","C2","13","Horticultura"
"9403","C2","16","Sucroalcooleiro"
"9403","C2","23","Órgãos Públicos"
"9403","C2","31","Algodão"
"9403","C2","32","Org. Não Agrícola"
"9403","C2","33","Arrendamento"
"9403","C2","34","Arrendamento"
"9405","C2","1","Milho"
"9405","C2","2","Corte molinete"
"9405","C2","3","Corte esteira"
"9405","C3","1","Saca-palha"
"9405","C3","2","Rotor"
"9405","C6","1","1995"
"9405","C6","2","1996"
"9405","C6","3","1997"
"9405","C6","4","1998"
"9405","C6","5","1999"
"9405","C6","6","2000"
"9405","C6","7","2001"
"9405","C6","8","2002"
"9405","C6","9","2003"
"9405","C6","10","2004"
"9405","C6","11","2005"
"9405","C6","12","2006"
"9405","C6","13","2007"
"9405","C6","14","2008"
"9405","C6","15","2009"
"9405","C6","16","2010"
"9405","C6","17","2011"
"9405","C6","18","2012"
"9405","C6","19","2013"
"9405","C6","20","2014"
"9405","C6","21","2015"
"9405","C6","22","2016"
"9405","C6","23","2017"
"9405","C6","24","2018"
"9405","C6","25","2019"
"9405","C6","26","2020"
"9405","C6","27","2021"
"9405","C6","28","2022"
"9405","C6","29","2023"
"9405","C6","30","2024"
"9405","C6","31","2025"
"9406","C2","1","Vácuo"
"9406","C2","2","Mecânica"
"9406","C2","3","Deere Bauer"
"9406","C2","4","Hidráulica"
"9406","C6","1","1995"
"9406","C6","2","1996"
"9406","C6","3","1997"
"9406","C6","4","1998"
"9406","C6","5","1999"
"9406","C6","6","2000"
"9406","C6","7","2001"
"9406","C6","8","2002"
"9406","C6","9","2003"
"9406","C6","10","2004"
"9406","C6","11","2005"
"9406","C6","12","2006"
"9406","C6","13","2007"
"9406","C6","14","2008"
"9406","C6","15","2009"
"9406","C6","16","2010"
"9406","C6","17","2011"
"9406","C6","18","2012"
"9406","C6","19","2013"
"9406","C6","20","2014"
"9406","C6","21","2015"
"9406","C6","22","2016"
"9406","C6","23","2017"
"9406","C6","24","2018"
"9406","C6","25","2019"
"9406","C6","26","2020"
"9406","C6","27","2021"
"9406","C6","28","2022"
"9406","C6","29","2023"
"9406","C6","30","2024"
"9406","C6","31","2025"
"9409","C2","1","Forrag de Arrasto"
"9409","C2","2","Forrag auto-propelid"
"9409","C2","3","Enfardadoura"
"9409","C2","4","Segadora"
"9409","C2","5","Plataforma da Forrag"
"9410","C2","1","Utilitário"
"9410","C2","2","Jardim"
"9412","C2","1","Milho"
"9412","C2","2","Corte molinete"
"9412","C2","3","Corte esteira"
"9414","C6","1","2004"
"9414","C6","2","2003"
"9414","C6","3","2002"
"9414","C6","4","2001"
"9414","C6","5","2000"
"9414","C6","6","< 2000"
"9414","C6","7","2005"
"9414","C6","8","2006"
"9414","C6","9","2007"
"9414","C6","10","2008"
"9414","C6","11","2009"
"9414","C6","12","2010"
"9414","C6","13","2011"
"9414","C6","14","2012"
"9414","C6","15","2013"
"9414","C6","16","2014"
"9414","C6","17","2015"
"9414","C6","18","1999"
"9414","C6","19","1998"
"9414","C6","20","1997"
"9414","C6","21","1996"
"9414","C6","22","1995"
"9414","C6","23","<1995"
"9414","C6","24","2016"
"9414","C6","26","2017"
"9414","C6","29","2018"
"9414","C6","33","2019"
"9414","C6","38","2020"
"9414","C6","44","2021"
"9414","C6","45","2022"
"9414","C6","47","2023"
"9414","C6","50","2024"
"9414","C6","54","2025"
