"SeqCarteira","NroEmpresa","Carteira","Descricao","SeqUsrResp","SeqUrSuperv","SeqVendedor","SeqCanal","SeqRegional","SeqGrupoPreco","DTAALTERACAO","USUINCLUSAO","USUALTERACAO","DTAINCLUSAO","AUTOSINCCID","AUTOSINCSTATUS"
"6","1","MAQ_01RIB_06","MAQ_01RIB_06","886","","312","","","","13/03/2025 15:01:55","MATHEUS.AUGUSTO","MATHEUS.AUGUSTO","13/03/2025 15:01:55","0",""
"18","1","MAQ_01RIB_02","MAQ_01RIB_02","755","","260","","","","21/03/2025 14:59:00","NETO.PRADO","NETO.PRADO","21/03/2025 14:59:00","0",""
"19","3","MAQ_03BAR_02","MAQ_03BAR_02","883","","309","","","","14/03/2025 10:56:00","NETO.PRADO","NETO.PRADO","14/03/2025 10:56:00","0",""
"27","2","MAQ_02ARA_01","MAQ_02ARA_01","1471","","450","","","","11/08/2026 09:13:00","NETO.PRADO","RICARDO.MORETTI","21/02/2025 14:22:00","0",""
"29","11","MAQ_11FRA_01","MAQ_11FRA_01","1351","","407","","","","11/03/2025 11:16:56","MATHEUS.AUGUSTO","MATHEUS.AUGUSTO","11/03/2025 11:16:56","0",""
"30","11","MAQ_11FRA_02","MAQ_11FRA_02","459","","163","","","","11/03/2025 15:02:16","MATHEUS.AUGUSTO","MATHEUS.AUGUSTO","11/03/2025 15:02:16","0",""
"33","3","MAQ_03BAR_01","MAQ_03BAR_01","1308","","382","","","","11/03/2025 14:34:01","MATHEUS.AUGUSTO","MATHEUS.AUGUSTO","11/03/2025 14:34:01","0",""
"34","3","MAQ_03BAR_05","MAQ_03BAR_05","798","","427","","","","18/03/2025 11:31:00","MATHEUS.AUGUSTO","MATHEUS.AUGUSTO","18/03/2025 11:29:00","0",""
"35","1","MAQ_01RIB_03","MAQ_01RIB_03","844","","303","","","","13/03/2025 09:12:07","MATHEUS.AUGUSTO","MATHEUS.AUGUSTO","13/03/2025 09:12:07","0",""
"39","1","MAQ_01RIB_05","MAQ_01RIB_05","1446","","438","","","","25/03/2025 08:08:00","MATHEUS.AUGUSTO","MATHEUS.AUGUSTO","25/03/2025 08:08:00","0",""
"41","3","MAQ_03BAR_04","MAQ_03BAR_04","281","","84","","","","18/03/2025 16:27:00","MATHEUS.AUGUSTO","MATHEUS.AUGUSTO","18/03/2025 16:27:00","0",""
"46","2","MAQ_02ARA_03","MAQ_02ARA_03","1410","","424","","","","15/06/2026 14:21:00","NETO.PRADO","MATHEUS.AUGUSTO","21/02/2025 14:25:00","0",""
"48","7","MAQ_07ORL_02","MAQ_07ORL_02","890","","314","","","","13/03/2025 16:28:02","MATHEUS.AUGUSTO","MATHEUS.AUGUSTO","13/03/2025 16:28:02","0",""
"53","7","MAQ_07ORL_03","MAQ_07ORL_03","1464","","447","","","","04/07/2025 15:47:00","NETO.PRADO","MATHEUS.AUGUSTO","12/03/2025 11:28:00","0",""
"58","2","MAQ_02ARA_02","MAQ_02ARA_02","1472","","451","","","","20/08/2026 10:41:00","NETO.PRADO","RICARDO.MORETTI","21/02/2025 14:24:00","0",""
"69","12","VEND_IMP_01","VEND_IMP_01","516","","","","","","","","","","0",""
"71","12","VEND_DIRETORIA","VEND_DIRETORIA","503","","","","","","","","","","0",""
"78","12","FORA_REG_COL","FORA_REG_COL","482","","","","","","","","","","0",""
"80","1","BOLSA0_PECAS","BOLSA0_PECAS","25","","126","","","","10/03/2025 13:47:42","NETO.PRADO","NETO.PRADO","10/03/2025 13:47:42","0",""
"81","7","CALL_CENTER","CALL_CENTER","473","","","","","","","","","","0",""
"84","12","COL_FUNC","COL_FUNC","482","","","","","","","","","","0",""
"85","12","COL_INATIVOS","COL_INATIVOS","482","","","","","","","","","","0",""
"86","12","COL_FILIAIS","COL_FILIAIS","482","","","","","","","","","","0",""
"87","1","COL_COLLECTION","COL_COLLECTION","482","","","","","","","","","","0",""
"88","12","COL_PARCEIROS","COL_PARCEIROS","482","","","","","","","","","","0",""
"89","12","COL_REDE_CONCES","COL_REDE_CONCES","482","","","","","","","","","","0",""
"90","12","INT_MERCADO","INT_MERCADO","482","","","","","","","","","","0",""
"91","1","MAQ_01RIB_01","MAQ_01RIB_01","1068","","350","","","","16/12/2025 09:42:16","GUSTAVO.AGUIAR","MATHEUS.AUGUSTO","12/03/2025 10:09:00","0",""
"92","11","MAQ_11FRA_03","MAQ_11FRA_03","548","","180","","","","24/03/2025 14:55:25","MATHEUS.AUGUSTO","MATHEUS.AUGUSTO","24/03/2025 14:55:25","0",""
"97","12","SIND_CATI","SIND_CATI","482","","","","","","","","","","0",""
"99","1","FORA_DO_SETOR","FORA_DO_SETOR","482","","","","","","","","","","0",""
"101","1","RAO_PNEUS_02","RAO_PNEUS_02","761","","","","","","","","","","0",""
"102","1","RAO_PNEUS_03","RAO_PNEUS_03","1070","","","","","","","","","","0",""
"105","10","CONTA_CHAVE_01","CONTA_CHAVE_01","433","","","","","","11/08/2025 17:25:26","MATHEUS.AUGUSTO","MATHEUS.AUGUSTO","28/04/2025 15:57:00","0",""
"106","10","CONTA_CHAVE_02","CONTA_CHAVE_02","433","","","","","","28/04/2025 15:59:00","MATHEUS.AUGUSTO","MATHEUS.AUGUSTO","28/04/2025 15:59:00","0",""
"107","10","CONTA_CHAVE_03","CONTA_CHAVE_03","879","","","","","","18/07/2025 09:59:00","MATHEUS.AUGUSTO","MATHEUS.AUGUSTO","18/07/2025 09:59:00","0",""
"108","1","RAO_PEÇAS_02","RAO_PEÇAS_02","402","","156","","","","10/03/2025 14:00:44","NETO.PRADO","NETO.PRADO","10/03/2025 14:00:44","0",""
"109","1","RAO_PEÇAS_03","RAO_PEÇAS_03","48","","","","","","","","","","0",""
"110","1","RAO_PEÇAS_04","RAO_PEÇAS_04","36","","158","","","","10/03/2025 14:00:57","NETO.PRADO","NETO.PRADO","10/03/2025 14:00:57","0",""
"111","2","ARA_PEÇAS_01","ARA_PEÇAS_01","877","","316","","","","10/03/2025 13:48:25","NETO.PRADO","NETO.PRADO","10/03/2025 13:48:25","0",""
"112","3","BRT_PEÇAS_01","BRT_PEÇAS_01","915","","326","","","","10/03/2025 13:52:10","NETO.PRADO","NETO.PRADO","10/03/2025 13:52:10","0",""
"113","3","BRT_PEÇAS_02","BRT_PEÇAS_02","649","","223","","","","10/03/2025 13:52:23","NETO.PRADO","NETO.PRADO","10/03/2025 13:52:23","0",""
"114","3","BRT_PEÇAS_03","BRT_PEÇAS_03","277","","162","","","","10/03/2025 13:52:36","NETO.PRADO","NETO.PRADO","10/03/2025 13:52:36","0",""
"115","11","FRA_PEÇAS_01","FRA_PEÇAS_01","1456","","444","","","","04/05/2026 17:11:00","NETO.PRADO","RICARDO.MORETTI","10/03/2025 13:54:00","0",""
"116","4","GUA_PEÇAS_01","GUA_PEÇAS_01","758","","268","","","","10/03/2025 13:55:34","NETO.PRADO","NETO.PRADO","10/03/2025 13:55:34","0",""
"117","12","ITP_PEÇAS_01","ITP_PEÇAS_01","1085","","358","","","","10/03/2025 13:56:19","NETO.PRADO","NETO.PRADO","10/03/2025 13:56:19","0",""
"118","5","ITV_PEÇAS_01","ITV_PEÇAS_01","627","","229","","","","10/03/2025 13:56:31","NETO.PRADO","NETO.PRADO","10/03/2025 13:56:31","0",""
"119","10","MTA_PEÇAS_01","MTA_PEÇAS_01","691","","231","","","","10/03/2025 13:56:58","NETO.PRADO","NETO.PRADO","10/03/2025 13:56:58","0",""
"120","7","ORL_PEÇAS_01","ORL_PEÇAS_01","496","","168","","","","10/03/2025 13:57:11","NETO.PRADO","NETO.PRADO","10/03/2025 13:57:11","0",""
"121","1","RAO_PEÇAS_05","RAO_PEÇAS_05","433","","","","","","","","","","0",""
"122","1","RAO_AMS_01","RAO_AMS_01","879","","","","","","29/08/2025 09:51:00","RICARDO.MORETTI","RICARDO.MORETTI","29/08/2025 09:51:00","0",""
"123","2","ARA_AMS_02","ARA_AMS_02","757","","","","","","","","","","0",""
"124","1","RAO_PNEUS_04","RAO_PNEUS_04","1080","","","","","","","","","","0",""
"125","3","BRT_AMS_03","BRT_AMS_03","862","","","","","","","","","","0",""
"126","891","C.E_VENDA_01","Colorado Equipamentos Vendas Manitou 01","433","","","","","","","","","","0",""
"127","891","C.E_VENDA_02","Colorado Equipamentos Vendas Manitou 02","578","","","","","","","","","","0",""
"128","891","C.E_LOCAÇÃO_01","Colorado Equipamentos Locação 01","433","","","","","","","","","","0",""
"129","891","C.E_USADO_01","Colorado Equipamentos Vendas Usados 01","147","","","","","","","","","","0",""
"130","891","C.E_FILIAIS","Colorado Equipamentos Cadastros Filiais","482","","","","","","","","","","0",""
"135","891","C.E_VENDA_03","Colorado Equipamentos Vendas Manitou 03","598","","","","","","","","","","0",""
"136","891","C.E_VENDA_04","Colorado Equipamentos Vendas Manitou 04","624","","","","","","","","","","0",""
"137","891","C.E_VENDA_05","Colorado Equipamentos Vendas Manitou 05","433","","","","","","","","","","0",""
"138","891","C.E_INT.MERCADO","Colorado Equipamentos IM","605","","","","","","","","","","0",""
"139","1","NOVOS_NEGOCIOS","Novos Negocios - Prefeituras/Industrias","38","","","","","","","","","","0",""
"140","7","MAQ_07ORL_01","MAQ_07ORL_01","1433","","429","","","","13/03/2025 15:08:00","MATHEUS.AUGUSTO","RICARDO.MORETTI","13/03/2025 15:08:00","0",""
"141","12","FORA_ATUAÇÃO","INTELIGÊNCIA DE MERCADO FORA ATUAÇÃO","482","","","","","","","","","","0",""
"142","1","C.E_COL_FUNC","Colorado Equip Cadastros Funcionários","605","","","","","","","","","","0",""
"143","10","CONTA_CHAVE_04","CONTA_CHAVE_04","1214","","404","","","","07/04/2025 15:19:00","MATHEUS.AUGUSTO","MATHEUS.AUGUSTO","07/04/2025 15:19:00","0",""
"150","1","PROSP_MAQ_RAO","PROSP_MAQUINAS_RIBEIRAO","516","","","","","","","","","","0",""
"155","9","BEB_PEÇAS_01","BEB_PEÇAS_01","749","","253","","","","10/03/2025 13:51:32","NETO.PRADO","NETO.PRADO","10/03/2025 13:51:32","0",""
"156","2","ARA_PEÇAS_02","ARA_PEÇAS_02","592","","225","","","","10/03/2025 13:51:13","NETO.PRADO","NETO.PRADO","10/03/2025 13:51:13","0",""
"157","7","ORL_PEÇAS_02","ORL_PEÇAS_02","697","","234","","","","10/03/2025 13:57:27","NETO.PRADO","NETO.PRADO","10/03/2025 13:57:27","0",""
"158","12","IM_S/POTENCIAL","IM_S/POTENCIAL","482","","","","","","","","","","0",""
"159","1","RAO_PEÇAS_06","RAO_PEÇAS_06","759","","","","","","","","","","0",""
"160","1","RAO_PEÇAS_07","RAO_PEÇAS_07","732","","249","","","","10/03/2025 14:01:44","NETO.PRADO","NETO.PRADO","10/03/2025 14:01:44","0",""
"161","12","IM_ARRENDAMENTO","IM_ARRENDAMENTO","482","","","","","","","","","","0",""
"162","10","CONTA_CHAVE_05","CONTA_CHAVE_05","857","","","","","","11/08/2025 17:26:23","MATHEUS.AUGUSTO","MATHEUS.AUGUSTO","11/08/2025 17:26:23","0",""
"163","1","EXT_PEÇAS_01","EXT_PEÇAS_01","508","","169","","","","10/03/2025 13:53:39","NETO.PRADO","NETO.PRADO","10/03/2025 13:53:39","0",""
"164","1","EXT_PEÇAS_02","EXT_PEÇAS_02","606","","228","","","","10/03/2025 13:54:27","NETO.PRADO","NETO.PRADO","10/03/2025 13:54:27","0",""
"165","1","PROSP_PEÇAS_01","PROSP_PEÇAS_01","516","","","","","","","","","","0",""
"168","1","PROSP_MAQ_01","PROSP_MAQ_01","516","","","","","","","","","","0",""
"169","12","COL_EX_FUNC","Ex funcionário Colorado","482","","","","","","","","","","0",""
"170","12","COL_CONCORRENTE","COL_CONCORRENTE","482","","","","","","","","","","0",""
"171","7","MAQ_07ORL_04","MAQ_07ORL_04","1464","","447","","","","10/06/2026 08:04:35","NETO.PRADO","MATHEUS.AUGUSTO","11/03/2025 10:01:00","0",""
"174","9","CONTA_CHAVE_AMS","CONTA_CHAVE_AMS","807","","","","","","","","","","0",""
"175","1","PROSP_POS_VD01","PROSP_POS_VENDA01","770","","","","","","","","","","0",""
"176","1","PROSP_MAQ_02","PROSP_MAQ_02","516","","","","","","","","","","0",""
"177","1","PROSP_MAQ_03","PROSP_MAQ_03","516","","","","","","","","","","0",""
"178","1","RAO_PEÇAS_08","RAO_PEÇAS_08","690","","233","","","","10/03/2025 14:02:45","NETO.PRADO","NETO.PRADO","10/03/2025 14:02:45","0",""
"179","1","PROSP_POS_VD02","PROSP_POS_VENDA02","482","","","","","","","","","","0",""
"180","1","ORL_AMS_07","ORL_AMS_07","674","","","","","","","","","","0",""
"181","1","EXT_PEÇAS_03","EXT_PEÇAS_03","368","","","","","","","","","","0",""
"182","1","SEM_POTENC_SERV","SEM POTENCIAL SERVICOS","516","","","","","","","","","","0",""
"183","1","RAO_SERVICO_01","RAO_SERVICO_01","743","","","","","","","","","","0",""
"184","3","BRT_SERVICO_01","BRT_SERVICO_01","731","","","","","","","","","","0",""
"185","2","ARA_SERVICO_01","ARA_SERVICO_01","879","","","","","","22/10/2025 17:07:28","MATHEUS.AUGUSTO","MATHEUS.AUGUSTO","22/10/2025 17:07:28","0",""
"188","7","ORL_SERVICO_01","ORL_SERVICO_01","694","","","","","","","","","","0",""
"189","2","ARA_SERVICO_02","ARA_SERVICO_02","701","","","","","","","","","","0",""
"190","3","BRT_SERVICO_02","BRT_SERVICO_02","736","","","","","","","","","","0",""
"191","7","ORL_SERVICO_02","ORL_SERVICO_02","583","","","","","","","","","","0",""
"192","1","OFICINA_PROPRIA","OFICINA_PROPRIA","516","","","","","","","","","","0",""
"193","12","POTENCIAL_N_AGR","POTENCIAL NAO AGRO","482","","","","","","","","","","0",""
"194","1","PROSP_MAQ_BOLSA","PROSP_MAQ_Bolsão","516","","","","","","","","","","0",""
"195","1","PROSP_POS_VD_BS","PROSP_POS_VD_BOLSÃO","482","","","","","","","","","","0",""
"196","4","GUA_PEÇAS_02","GUA_PEÇAS_02","822","","288","","","","10/03/2025 13:56:06","NETO.PRADO","NETO.PRADO","10/03/2025 13:56:06","0",""
"197","2","PROSP_MAQ_ARA","PROSP_MAQUINAS_ARARAQUARA","516","","","","","","","","","","0",""
"198","3","PROSP_MAQ_BRT","PROSP_MAQUINAS_BARRETOS","516","","","","","","","","","","0",""
"199","7","PROSP_MAQ_ORL","PROSP_MAQUINAS_ORLANDIA","516","","","","","","","","","","0",""
"201","1","HUSQVARNA_01","HUSQVARNA_01","482","","","","","","","","","","0",""
"202","7","HUSQVARNA_02","HUSQVARNA_02","764","","","","","","","","","","0",""
"203","12","IM_CONTATO_IMP","IM_CONT_IMPOSSIVEL","482","","","","","","","","","","0",""
"204","1","PROSP_PEÇAS_02","PROSP_PEÇAS_02","516","","","","","","","","","","0",""
"205","1","EXT_PEÇAS_04","EXT_PEÇAS_04","813","","","","","","","","","","0",""
"206","7","ORL_PECAS_03","","823","","","","","","","","","","0",""
"207","7","ORL_PEÇAS_04","ORL_PEÇAS_04","823","","289","","","","10/03/2025 13:57:37","NETO.PRADO","NETO.PRADO","10/03/2025 13:57:37","0",""
"208","1","RAO_PEÇAS_01","RAO_PEÇAS_01","834","","293","","","","10/03/2025 13:57:51","NETO.PRADO","NETO.PRADO","10/03/2025 13:57:51","0",""
"209","4","GUA_VALLEY_01","GUA_VALLEY_01","482","","","","","","","","","","0",""
"210","1","TI_RPO","TI_RPO","3","","","","","","","","","","0",""
"211","9","MAQ_09BEB_01","MAQ_09BEB_01","1454","","440","","","","19/02/2026 12:00:17","NETO.PRADO","RICARDO.MORETTI","11/03/2025 15:35:00","0",""
"212","9","MAQ_09BEB_02","MAQ_09BEB_02","310","","103","","","","11/03/2025 15:30:48","MATHEUS.AUGUSTO","MATHEUS.AUGUSTO","11/03/2025 15:30:48","0",""
"213","9","MAQ_09BEB_03","MAQ_09BEB_03","1403","","423","","","","02/04/2025 09:05:00","NETO.PRADO","MATHEUS.AUGUSTO","13/03/2025 08:49:00","0",""
"214","9","MAQ_09BEB_04","MAQ_09BEB_04","566","","183","","","","11/03/2025 10:25:00","MATHEUS.AUGUSTO","MATHEUS.AUGUSTO","11/03/2025 10:25:00","0",""
"215","12","MAQ_12ITAP_01","MAQ_12ITAP_01","1436","","432","","","","22/10/2025 16:05:00","NETO.PRADO","RICARDO.MORETTI","14/03/2025 15:04:00","0",""
"216","12","MAQ_12ITAP_02","MAQ_12ITAP_02","1417","","428","","","","14/03/2025 15:12:00","MATHEUS.AUGUSTO","MATHEUS.AUGUSTO","14/03/2025 15:12:00","0",""
"217","12","MAQ_12ITAP_03","MAQ_12ITAP_03","1077","","353","","","","14/03/2025 16:47:53","MATHEUS.AUGUSTO","MATHEUS.AUGUSTO","14/03/2025 16:47:53","0",""
"221","1","MOBILE_TRAINEE1","MOBILE_TRAINEE1","886","","","","","","","","","","0",""
"222","1","MOBILE_TRAINEE2","MOBILE_TRAINEE2","882","","","","","","","","","","0",""
"223","5","ITV_PEÇAS_02","ITV_PEÇAS_02","1075","","352","","","","10/03/2025 13:56:47","NETO.PRADO","NETO.PRADO","10/03/2025 13:56:47","0",""
"224","9","BEB_PEÇAS_02","BEB_PEÇAS_02","1050","","359","","","","10/03/2025 13:51:42","NETO.PRADO","NETO.PRADO","10/03/2025 13:51:42","0",""
"228","1","MAQ_01RIB_04","MAQ_01RIB_04","879","","417","","","","15/06/2026 14:31:00","MATHEUS.AUGUSTO","MATHEUS.AUGUSTO","15/06/2026 14:24:00","0",""
"234","2","MAQ_02ARA_04","MAQ_02ARA_04","1386","","448","","","","20/08/2026 10:31:13","RICARDO.MORETTI","RICARDO.MORETTI","19/08/2026 16:15:00","0",""
"235","2","MAQ_02ARA_05","MAQ_02ARA_05","862","","","","","","","","","","0",""
"236","2","MAQ_02ARA_06","MAQ_02ARA_06","862","","","","","","","","","","0",""
"237","3","MAQ_03BAR_01","MAQ_03BAR_01","862","","","","","","","","","","0",""
"239","3","MAQ_03BAR_03","MAQ_03BAR_03","862","","","","","","","","","","0",""
"242","3","MAQ_03BAR_06","MAQ_03BAR_06","862","","","","","","","","","","0",""
"243","4","MAQ_04GUA_01","MAQ_04GUA_01","862","","","","","","","","","","0",""
"244","4","MAQ_04GUA_02","MAQ_04GUA_02","862","","","","","","","","","","0",""
"245","4","MAQ_04GUA_03","MAQ_04GUA_03","862","","","","","","","","","","0",""
"246","4","MAQ_04GUA_04","MAQ_04GUA_04","862","","","","","","","","","","0",""
"247","4","MAQ_04GUA_05","MAQ_04GUA_05","862","","","","","","","","","","0",""
"248","5","MAQ_05ITU_01","MAQ_05ITU_01","862","","","","","","","","","","0",""
"249","5","MAQ_05ITU_02","MAQ_05ITU_02","862","","","","","","","","","","0",""
"250","5","MAQ_05ITU_03","MAQ_05ITU_03","862","","","","","","","","","","0",""
"251","5","MAQ_05ITU_05","MAQ_05ITU_05","862","","","","","","","","","","0",""
"252","5","MAQ_05ITU_06","MAQ_05ITU_06","862","","","","","","","","","","0",""
"257","7","MAQ_06ORL_05","MAQ_06ORL_05","862","","","","","","","","","","0",""
"258","7","MAQ_06ORL_06","MAQ_06ORL_06","862","","","","","","","","","","0",""
"263","9","MAQ_07BEB_05","MAQ_07BEB_05","862","","","","","","","","","","0",""
"264","9","MAQ_07BEB_06","MAQ_07BEB_06","862","","","","","","","","","","0",""
"265","10","MAQ_08MONT_01","MAQ_08MONT_01","862","","","","","","","","","","0",""
"266","10","MAQ_08MONT_02","MAQ_08MONT_02","862","","","","","","","","","","0",""
"267","10","MAQ_08MONT_03","MAQ_08MONT_03","862","","","","","","","","","","0",""
"268","10","MAQ_08MONT_04","MAQ_08MONT_04","862","","","","","","","","","","0",""
"269","10","MAQ_08MONT_05","MAQ_08MONT_05","862","","","","","","","","","","0",""
"273","11","MAQ_09FRA_04","MAQ_09FRA_04","862","","","","","","","","","","0",""
"274","11","MAQ_09FRA_05","MAQ_09FRA_05","862","","","","","","","","","","0",""
"275","11","MAQ_09FRA_06","MAQ_09FRA_06","862","","","","","","","","","","0",""
"279","12","MAQ_10ITAP_04","MAQ_10ITAP_04","862","","","","","","","","","","0",""
"280","12","MAQ_10ITAP_05","MAQ_10ITAP_05","862","","","","","","","","","","0",""
"281","12","MAQ_10ITAP_06","MAQ_10ITAP_06","862","","","","","","","","","","0",""
"282","13","MAQ_13SJRP_01","MAQ_13SJRP_01","1007","","379","","","","17/07/2025 09:38:00","MATHEUS.AUGUSTO","MATHEUS.AUGUSTO","16/04/2025 17:40:00","0",""
"283","13","MAQ_13SJRP_02","MAQ_13SJRP_02","916","","329","","","","16/04/2025 17:41:00","MATHEUS.AUGUSTO","MATHEUS.AUGUSTO","16/04/2025 17:41:00","0",""
"284","13","MAQ_13SJRP_03","MAQ_13SJRP_03","925","","337","","","","01/07/2025 14:36:00","MATHEUS.AUGUSTO","MATHEUS.AUGUSTO","16/04/2025 17:41:00","0",""
"285","13","MAQ_13SJRP_04","MAQ_13SJRP_04","943","","385","","","","05/05/2025 14:55:17","MATHEUS.AUGUSTO","MATHEUS.AUGUSTO","05/05/2025 14:55:17","0",""
"286","1","MAQ_13SJRP_05","MAQ_13SJRP_05","862","","","","","","","","","","0",""
"287","1","MAQ_13SJRP_06","MAQ_13SJRP_06","862","","","","","","","","","","0",""
"288","14","MAQ_14CAT_01","MAQ_14CAT_01","1413","","425","","","","16/04/2025 17:46:00","MATHEUS.AUGUSTO","RICARDO.MORETTI","16/04/2025 17:46:00","0",""
"289","14","MAQ_14CAT_02","MAQ_14CAT_02","921","","333","","","","16/04/2025 17:46:40","MATHEUS.AUGUSTO","MATHEUS.AUGUSTO","16/04/2025 17:46:40","0",""
"290","14","MAQ_14CAT_03","MAQ_14CAT_03","922","","334","","","","16/04/2025 17:46:50","MATHEUS.AUGUSTO","MATHEUS.AUGUSTO","16/04/2025 17:46:50","0",""
"291","14","MAQ_14CAT_04","MAQ_14CAT_04","1397","","439","","","","02/06/2026 11:24:00","MATHEUS.AUGUSTO","RICARDO.MORETTI","08/07/2025 11:19:00","0",""
"292","1","MAQ_14CAT_05","MAQ_14CAT_05","862","","","","","","","","","","0",""
"293","1","MAQ_14CAT_06","MAQ_14CAT_06","862","","","","","","","","","","0",""
"294","15","MAQ_15JAL_01","MAQ_15JAL_01","924","","336","","","","16/04/2025 17:47:04","MATHEUS.AUGUSTO","MATHEUS.AUGUSTO","16/04/2025 17:47:04","0",""
"295","15","MAQ_15JAL_02","MAQ_15JAL_02","899","","321","","","","16/04/2025 17:47:32","MATHEUS.AUGUSTO","MATHEUS.AUGUSTO","16/04/2025 17:47:32","0",""
"296","15","MAQ_15JAL_03","MAQ_15JAL_03","926","","338","","","","16/04/2025 17:47:51","MATHEUS.AUGUSTO","MATHEUS.AUGUSTO","16/04/2025 17:47:51","0",""
"297","1","MAQ_15JAL_04","MAQ_15JAL_04","862","","","","","","","","","","0",""
"298","1","MAQ_15JAL_05","MAQ_15JAL_05","862","","","","","","","","","","0",""
"299","1","MAQ_15JAL_06","MAQ_15JAL_06","862","","","","","","","","","","0",""
"300","16","MAQ_16VOT_01","MAQ_16VOT_01","928","","340","","","","16/04/2025 17:48:17","MATHEUS.AUGUSTO","MATHEUS.AUGUSTO","16/04/2025 17:48:17","0",""
"301","16","MAQ_16VOT_02","MAQ_16VOT_02","929","","341","","","","16/04/2025 17:48:41","MATHEUS.AUGUSTO","MATHEUS.AUGUSTO","16/04/2025 17:48:41","0",""
"302","16","MAQ_16VOT_03","MAQ_16VOT_03","1213","","395","","","","10/03/2025 16:58:32","MATHEUS.AUGUSTO","MATHEUS.AUGUSTO","10/03/2025 16:58:32","0",""
"303","16","MAQ_16VOT_04","MAQ_16VOT_04","1350","","406","","","","16/04/2025 17:49:21","MATHEUS.AUGUSTO","MATHEUS.AUGUSTO","16/04/2025 17:49:21","0",""
"304","16","MAQ_16VOT_05","MAQ_16VOT_05","862","","","","","","","","","","0",""
"305","16","MAQ_16VOT_06","MAQ_16VOT_06","862","","","","","","","","","","0",""
"306","17","MAQ_17TUP_01","MAQ_17TUP_01","1376","","418","","","","14/04/2025 17:29:14","MATHEUS.AUGUSTO","MATHEUS.AUGUSTO","14/04/2025 17:29:14","0",""
"307","17","MAQ_17TUP_02","MAQ_17TUP_02","933","","345","","","","16/04/2025 17:49:37","MATHEUS.AUGUSTO","MATHEUS.AUGUSTO","16/04/2025 17:49:37","0",""
"308","17","MAQ_17TUP_03","MAQ_17TUP_03","1336","","397","","","","13/03/2025 11:39:00","MATHEUS.AUGUSTO","MATHEUS.AUGUSTO","13/03/2025 11:39:00","0",""
"309","1","MAQ_17TUP_04","MAQ_17TUP_04","862","","","","","","","","","","0",""
"310","1","MAQ_17TUP_05","MAQ_17TUP_05","862","","","","","","","","","","0",""
"311","1","MAQ_17TUP_06","MAQ_17TUP_06","862","","","","","","","","","","0",""
"312","18","MAQ_18MAR_01","MAQ_18MAR_01","1470","","449","","","","16/04/2025 17:49:00","MATHEUS.AUGUSTO","RICARDO.MORETTI","16/04/2025 17:49:00","0",""
"313","18","MAQ_18MAR_02","MAQ_18MAR_02","936","","348","","","","16/04/2025 17:50:14","MATHEUS.AUGUSTO","MATHEUS.AUGUSTO","16/04/2025 17:50:14","0",""
"314","1","MAQ_18MAR_03","MAQ_18MAR_03","862","","","","","","","","","","0",""
"315","1","MAQ_18MAR_04","MAQ_18MAR_04","862","","","","","","","","","","0",""
"316","1","MAQ_18MAR_05","MAQ_18MAR_05","862","","","","","","","","","","0",""
"317","1","MAQ_18MAR_06","MAQ_18MAR_06","862","","","","","","","","","","0",""
"318","1","DSI_01RIB_01","DSI_01RIB_01","742","","","","","","","","","","0",""
"319","1","DSI_01RIB_02","DSI_01RIB_02","862","","","","","","","","","","0",""
"320","1","DSI_01RIB_03","DSI_01RIB_03","862","","","","","","","","","","0",""
"321","1","DSI_01RIB_04","DSI_01RIB_04","862","","","","","","","","","","0",""
"322","1","DSI_01RIB_05","DSI_01RIB_05","862","","","","","","","","","","0",""
"323","2","DSI_02ARA_01","DSI_02ARA_01","1197","","","","","","","","","","0",""
"324","2","DSI_02ARA_02","DSI_02ARA_02","862","","","","","","","","","","0",""
"325","2","DSI_02ARA_03","DSI_02ARA_03","862","","","","","","","","","","0",""
"326","2","DSI_02ARA_04","DSI_02ARA_04","862","","","","","","","","","","0",""
"327","2","DSI_02ARA_05","DSI_02ARA_05","862","","","","","","","","","","0",""
"328","3","DSI_03BAR_01","DSI_03BAR_01","828","","","","","","","","","","0",""
"329","3","DSI_03BAR_02","DSI_03BAR_02","862","","","","","","","","","","0",""
"330","3","DSI_03BAR_03","DSI_03BAR_03","862","","","","","","","","","","0",""
"331","3","DSI_03BAR_04","DSI_03BAR_04","862","","","","","","","","","","0",""
"332","3","DSI_03BAR_05","DSI_03BAR_05","862","","","","","","","","","","0",""
"333","4","DSI_04GUA_01","DSI_04GUA_01","862","","","","","","","","","","0",""
"334","4","DSI_04GUA_02","DSI_04GUA_02","862","","","","","","","","","","0",""
"335","4","DSI_04GUA_03","DSI_04GUA_03","862","","","","","","","","","","0",""
"336","4","DSI_04GUA_04","DSI_04GUA_04","862","","","","","","","","","","0",""
"337","4","DSI_04GUA_05","DSI_04GUA_05","862","","","","","","","","","","0",""
"338","5","DSI_05ITU_01","DSI_05ITU_01","862","","","","","","","","","","0",""
"339","5","DSI_05ITU_02","DSI_05ITU_02","862","","","","","","","","","","0",""
"340","5","DSI_05ITU_03","DSI_05ITU_03","862","","","","","","","","","","0",""
"341","5","DSI_05ITU_04","DSI_05ITU_04","862","","","","","","","","","","0",""
"342","5","DSI_05ITU_05","DSI_05ITU_05","862","","","","","","","","","","0",""
"343","7","DSI_06ORL_01","DSI_06OR_01","828","","","","","","","","","","0",""
"344","7","DSI_06ORL_02","DSI_06ORL_02","862","","","","","","","","","","0",""
"345","7","DSI_06ORL_03","DSI_06ORL_03","862","","","","","","","","","","0",""
"346","7","DSI_06ORL_04","DSI_06ORL_04","862","","","","","","","","","","0",""
"347","7","DSI_06ORL_06","DSI_06ORL_06","862","","","","","","","","","","0",""
"348","9","DSI_07BEB_01","DSI_07BEB_01","862","","","","","","","","","","0",""
"349","9","DSI_07BEB_02","DSI_07BEB_02","862","","","","","","","","","","0",""
"350","9","DSI_07BEB_03","DSI_07BEB_03","862","","","","","","","","","","0",""
"351","9","DSI_07BEB_04","DSI_07BEB_04","862","","","","","","","","","","0",""
"352","9","DSI_07BEB_05","DSI_07BEB_05","862","","","","","","","","","","0",""
"353","10","DSI_10MONT_01","DSI_10MONT_01","862","","","","","","","","","","0",""
"354","10","DSI_10MONT_02","DSI_10MONT_02","862","","","","","","","","","","0",""
"355","10","DSI_10MONT_03","DSI_10MONT_03","862","","","","","","","","","","0",""
"356","10","DSI_10MONT_04","DSI_10MONT_04","862","","","","","","","","","","0",""
"357","10","DSI_10MONT_05","DSI_10MONT_05","862","","","","","","","","","","0",""
"358","11","DSI_11FRA_01","DSI_11FRA_01","862","","","","","","","","","","0",""
"359","11","DSI_11FRA_02","DSI_11FRA_02","862","","","","","","","","","","0",""
"360","11","DSI_11FRA_03","DSI_11FRA_03","862","","","","","","","","","","0",""
"361","11","DSI_11FRA_04","DSI_11FRA_04","862","","","","","","","","","","0",""
"362","11","DSI_11FRA_05","DSI_11FRA_05","862","","","","","","","","","","0",""
"363","12","DSI_12ITAP_01","DSI_12ITAP_01","862","","","","","","","","","","0",""
"364","12","DSI_12ITAP_02","DSI_12ITAP_02","862","","","","","","","","","","0",""
"365","12","DSI_12ITAP_03","DSI_12ITAP_03","862","","","","","","","","","","0",""
"366","12","DSI_12ITAP_04","DSI_12ITAP_04","862","","","","","","","","","","0",""
"367","12","DSI_12ITAP_05","DSI_12ITAP_05","862","","","","","","","","","","0",""
"368","13","DSI_13SJRP_01","DSI_13SJRP_01","948","","","","","","","","","","0",""
"369","1","DSI_13SJRP_02","DSI_13SJRP_02","862","","","","","","","","","","0",""
"370","1","DSI_13SJRP_03","DSI_13SJRP_03","862","","","","","","","","","","0",""
"371","1","DSI_13SJRP_04","DSI_13SJRP_04","862","","","","","","","","","","0",""
"372","1","DSI_13SJRP_05","DSI_13SJRP_05","862","","","","","","","","","","0",""
"373","14","DSI_14CAT_01","DSI_14CAT_01","937","","","","","","","","","","0",""
"374","1","DSI_14CAT_02","DSI_14CAT_02","862","","","","","","","","","","0",""
"375","1","DSI_14CAT_03","DSI_14CAT_03","862","","","","","","","","","","0",""
"376","1","DSI_14CAT_04","DSI_14CAT_04","862","","","","","","","","","","0",""
"377","1","DSI_14CAT_05","DSI_14CAT_05","862","","","","","","","","","","0",""
"378","15","DSI_15JAL_01","DSI_15JAL_01","879","","","","","","06/05/2025 10:52:43","MATHEUS.AUGUSTO","MATHEUS.AUGUSTO","06/05/2025 10:52:43","0",""
"379","1","DSI_15JAL_02","DSI_15JAL_02","862","","","","","","","","","","0",""
"380","1","DSI_15JAL_03","DSI_15JAL_03","862","","","","","","","","","","0",""
"381","1","DSI_15JAL_04","DSI_15JAL_04","862","","","","","","","","","","0",""
"382","1","DSI_15JAL_05","DSI_15JAL_05","862","","","","","","","","","","0",""
"383","16","DSI_16VOT_01","DSI_16VOT_01","949","","","","","","","","","","0",""
"384","1","DSI_16VOT_02","DSI_16VOT_02","862","","","","","","","","","","0",""
"385","1","DSI_16VOT_03","DSI_16VOT_03","862","","","","","","","","","","0",""
"386","1","DSI_16VOT_04","DSI_16VOT_04","862","","","","","","","","","","0",""
"387","1","DSI_16VOT_05","DSI_16VOT_05","862","","","","","","","","","","0",""
"388","17","DSI_17TUP_01","DSI_17TUP_01","1197","","","","","","","","","","0",""
"389","1","DSI_17TUP_02","DSI_17TUP_02","862","","","","","","","","","","0",""
"390","1","DSI_17TUP_03","DSI_17TUP_03","862","","","","","","","","","","0",""
"391","1","DSI_17TUP_04","DSI_17TUP_04","862","","","","","","","","","","0",""
"392","1","DSI_17TUP_05","DSI_17TUP_05","862","","","","","","","","","","0",""
"393","18","DSI_18MAR_01","DSI_18MAR_01","1197","","","","","","","","","","0",""
"394","1","DSI_18MAR_02","DSI_18MAR_02","862","","","","","","","","","","0",""
"395","1","DSI_18MAR_03","DSI_18MAR_03","862","","","","","","","","","","0",""
"396","1","DSI_18MAR_04","DSI_18MAR_04","862","","","","","","","","","","0",""
"397","1","DSI_18MAR_05","DSI_18MAR_05","862","","","","","","","","","","0",""
"398","1","MKT_01RIB_01","MKT_01RIB_01","862","","","","","","","","","","0",""
"399","1","SEG_13SJRP_01","SEG_13SJRP_01","862","","","","","","","","","","0",""
"400","1","SEG_13SJRP_02","SEG_13SJRP_02","862","","","","","","","","","","0",""
"401","1","MKT_01RIB_02","MKT_01RIB_02","862","","","","","","","","","","0",""
"402","1","MKT_01RIB_03","MKT_01RIB_03","862","","","","","","","","","","0",""
"403","1","SEG_13SJRP_03","SEG_13SJRP_03","862","","","","","","","","","","0",""
"404","1","SEG_14CAT_01","SEG_14CAT_01","862","","","","","","","","","","0",""
"405","1","SEG_14CAT_02","SEG_14CAT_02","862","","","","","","","","","","0",""
"406","1","SEG_14CAT_03","SEG_14CAT_03","862","","","","","","","","","","0",""
"407","2","MKT_02ARA_01","MKT_02ARA_01","862","","","","","","","","","","0",""
"408","2","MKT_02ARA_02","MKT_02ARA_02","862","","","","","","","","","","0",""
"409","1","SEG_15JAL_01","SEG_15JAL_01","862","","","","","","","","","","0",""
"410","2","MKT_02ARA_03","MKT_02ARA_03","862","","","","","","","","","","0",""
"411","1","SEG_15JAL_02","SEG_15JAL_02","862","","","","","","","","","","0",""
"412","1","SEG_15JAL_03","SEG_15JAL_03","862","","","","","","","","","","0",""
"413","3","MKT_03BAR_01","MKT_03BAR_01","862","","","","","","","","","","0",""
"414","3","MKT_03BAR_02","MKT_03BAR_02","862","","","","","","","","","","0",""
"415","3","MKT_03BAR_03","MKT_03BAR_03","862","","","","","","","","","","0",""
"416","1","SEG_16VOT_01","SEG_16VOT_01","862","","","","","","","","","","0",""
"417","1","SEG_16VOT_02","SEG_16VOT_02","862","","","","","","","","","","0",""
"418","4","MKT_04GUA_01","MKT_04GUA_01","862","","","","","","","","","","0",""
"419","1","SEG_16VOT_03","SEG_16VOT_03","862","","","","","","","","","","0",""
"420","4","MKT_04GUA_02","MKT_04GUA_02","862","","","","","","","","","","0",""
"421","4","MKT_04GUA_03","MKT_04GUA_03","862","","","","","","","","","","0",""
"422","1","SEG_17TUP_01","SEG_17TUP_01","862","","","","","","","","","","0",""
"423","1","SEG_17TUP_02","SEG_17TUP_02","862","","","","","","","","","","0",""
"424","1","SEG_17TUP_03","SEG_17TUP_03","862","","","","","","","","","","0",""
"425","5","MKT_05ITU_01","MKT_05ITU_01","862","","","","","","","","","","0",""
"426","1","SEG_18MAR_01","SEG_18MAR_01","862","","","","","","","","","","0",""
"427","5","MKT_05ITU_02","MKT_05ITU_02","862","","","","","","","","","","0",""
"428","1","SEG_18MAR_02","SEG_18MAR_02","862","","","","","","","","","","0",""
"429","1","SEG_18MAR_03","SEG_18MAR_03","862","","","","","","","","","","0",""
"430","5","MKT_05ITU_03","MKT_05ITU_03","862","","","","","","","","","","0",""
"431","7","MKT_07ORL_01","MKT_07ORL_01","862","","","","","","","","","","0",""
"432","7","MKT_07ORL_02","MKT_07ORL_02","862","","","","","","","","","","0",""
"433","7","MKT_07ORL_03","MKT_07ORL_03","862","","","","","","","","","","0",""
"434","1","SEG_01RIB_01","SEG_01RIB_01","862","","","","","","","","","","0",""
"435","9","MKT_09BEB_01","MKT_09BEB_01","862","","","","","","","","","","0",""
"436","1","SEG_01RIB_02","SEG_01RIB_02","862","","","","","","","","","","0",""
"437","1","SEG_01RIB_03","SEG_01RIB_03","862","","","","","","","","","","0",""
"438","9","MKT_09BEB_02","MKT_09BEB_02","862","","","","","","","","","","0",""
"439","9","MKT_09BEB_03","MKT_09BEB_03","862","","","","","","","","","","0",""
"440","2","SEG_02ARA_01","SEG_02ARA_01","862","","","","","","","","","","0",""
"441","2","SEG_02ARA_02","SEG_02ARA_02","862","","","","","","","","","","0",""
"442","10","MKT_10MONT_01","MKT_10MONT_01","862","","","","","","","","","","0",""
"443","2","SEG_02ARA_03","SEG_02ARA_03","862","","","","","","","","","","0",""
"444","10","MKT_10MONT_02","MKT_10MONT_02","862","","","","","","","","","","0",""
"445","10","MKT_10MONT_03","MKT_10MONT_03","862","","","","","","","","","","0",""
"446","3","SEG_03BAR_01","SEG_03BAR_01","862","","","","","","","","","","0",""
"447","3","SEG_03BAR_02","SEG_03BAR_02","862","","","","","","","","","","0",""
"448","3","SEG_03BAR_03","SEG_03BAR_03","862","","","","","","","","","","0",""
"449","11","MKT_11FRA_01","MKT_11FRA_01","862","","","","","","","","","","0",""
"450","11","MKT_11FRA_02","MKT_11FRA_02","862","","","","","","","","","","0",""
"451","4","SEG_04GUA_01","SEG_04GUA_01","862","","","","","","","","","","0",""
"452","4","SEG_04GUA_02","SEG_04GUA_02","862","","","","","","","","","","0",""
"453","11","MKT_11FRA_03","MKT_11FRA_03","862","","","","","","","","","","0",""
"454","4","SEG_04GUA_03","SEG_04GUA_03","862","","","","","","","","","","0",""
"455","12","MKT_12ITAP_01","MKT_12ITAP_01","862","","","","","","","","","","0",""
"456","12","MKT_12ITAP_02","MKT_12ITAP_02","862","","","","","","","","","","0",""
"457","5","SEG_05ITU_01","SEG_05ITU_01","862","","","","","","","","","","0",""
"458","12","MKT_12ITAP_03","MKT_12ITAP_03","862","","","","","","","","","","0",""
"459","5","SEG_05ITU_02","SEG_05ITU_02","862","","","","","","","","","","0",""
"460","5","SEG_05ITU_03","SEG_05ITU_03","862","","","","","","","","","","0",""
"461","1","MKT_13SJRP_01","MKT_13SJRP_01","862","","","","","","","","","","0",""
"462","1","MKT_13SJRP_02","MKT_13SJRP_02","862","","","","","","","","","","0",""
"463","7","SEG_07ORL_01","SEG_07ORL_01","862","","","","","","","","","","0",""
"464","1","MKT_13SJRP_03","MKT_13SJRP_03","862","","","","","","","","","","0",""
"465","7","SEG_07ORL_02","SEG_07ORL_02","862","","","","","","","","","","0",""
"466","7","SEG_07ORL_03","SEG_07ORL_03","862","","","","","","","","","","0",""
"467","9","SEG_09BEB_01","SEG_09BEB_01","862","","","","","","","","","","0",""
"468","9","SEG_09BEB_02","SEG_09BEB_02","862","","","","","","","","","","0",""
"469","9","SEG_09BEB_03","SEG_09BEB_03","862","","","","","","","","","","0",""
"470","10","SEG_10MONT_01","SEG_10MONT_01","862","","","","","","","","","","0",""
"471","10","SEG_10MONT_02","SEG_10MONT_02","862","","","","","","","","","","0",""
"472","1","MKT_14CAT_01","MKT_14CAT_01","862","","","","","","","","","","0",""
"473","10","SEG_10MONT_03","SEG_10MONT_03","862","","","","","","","","","","0",""
"474","1","MKT_14CAT_02","MKT_14CAT_02","862","","","","","","","","","","0",""
"475","1","MKT_14CAT_03","MKT_14CAT_03","862","","","","","","","","","","0",""
"476","11","SEG_11FRA_01","SEG_11FRA_01","862","","","","","","","","","","0",""
"477","11","SEG_11FRA_02","SEG_11FRA_02","862","","","","","","","","","","0",""
"478","11","SEG_11FRA_03","SEG_11FRA_03","862","","","","","","","","","","0",""
"479","12","SEG_12ITAP_01","SEG_12ITAP_01","862","","","","","","","","","","0",""
"480","12","SEG_12ITAP_02","SEG_12ITAP_02","862","","","","","","","","","","0",""
"481","12","SEG_12ITAP_03","SEG_12ITAP_03","862","","","","","","","","","","0",""
"482","1","MKT_15JAL_01","MKT_15JAL_01","862","","","","","","","","","","0",""
"483","1","MKT_15JAL_02","MKT_15JAL_02","862","","","","","","","","","","0",""
"484","1","MKT_15JAL_03","MKT_15JAL_03","862","","","","","","","","","","0",""
"485","1","MKT_16VOT_01","MKT_16VOT_01","862","","","","","","","","","","0",""
"486","1","MKT_16VOT_02","MKT_16VOT_02","862","","","","","","","","","","0",""
"487","1","MKT_16VOT_03","MKT_16VOT_03","862","","","","","","","","","","0",""
"488","1","MKT_17TUP_01","MKT_17TUP_01","862","","","","","","","","","","0",""
"489","1","MKT_17TUP_02","MKT_17TUP_02","862","","","","","","","","","","0",""
"490","1","MKT_17TUP_03","MKT_17TUP_03","862","","","","","","","","","","0",""
"491","1","MKT_18MAR_01","MKT_18MAR_01","862","","","","","","","","","","0",""
"492","1","MKT_18MAR_02","MKT_18MAR_02","862","","","","","","","","","","0",""
"493","1","CX_01RIB_01","CX_01RIB_01","862","","","","","","","","","","0",""
"494","1","MKT_18MAR_03","MKT_18MAR_03","862","","","","","","","","","","0",""
"495","1","CX_01RIB_02","CX_01RIB_02","862","","","","","","","","","","0",""
"496","1","CX_01RIB_03","CX_01RIB_03","862","","","","","","","","","","0",""
"497","2","CX_02ARA_01","CX_02ARA_01","862","","","","","","","","","","0",""
"498","2","CX_02ARA_02","CX_02ARA_02","862","","","","","","","","","","0",""
"499","2","CX_02ARA_03","CX_02ARA_03","862","","","","","","","","","","0",""
"500","3","CX_03BAR_01","CX_03BAR_01","862","","","","","","","","","","0",""
"501","3","CX_03BAR_02","CX_03BAR_02","862","","","","","","","","","","0",""
"502","3","CX_03BAR_03","CX_03BAR_02","862","","","","","","","","","","0",""
"503","4","CX_04GUA_01","CX_04GUA_01","862","","","","","","","","","","0",""
"504","4","CX_04GUA_02","CX_04GUA_02","862","","","","","","","","","","0",""
"505","4","CX_04GUA_03","CX_04GUA_03","862","","","","","","","","","","0",""
"506","5","CX_05ITU_01","CX_05ITU_01","862","","","","","","","","","","0",""
"507","5","CX_05ITU_02","CX_05ITU_02","862","","","","","","","","","","0",""
"508","5","CX_05ITU_03","CX_05ITU_03","862","","","","","","","","","","0",""
"509","7","CX_07ORL_01","CX_07ORL_01","862","","","","","","","","","","0",""
"510","7","CX_07ORL_02","CX_07ORL_02","862","","","","","","","","","","0",""
"511","7","CX_07ORL_03","CX_07ORL_03","862","","","","","","","","","","0",""
"512","9","CX_09BEB_01","CX_09BEB_01","862","","","","","","","","","","0",""
"513","9","CX_09BEB_02","CX_09BEB_02","862","","","","","","","","","","0",""
"514","9","CX_09BEB_03","CX_09BEB_03","862","","","","","","","","","","0",""
"515","10","CX_10MONT_01","CX_10MONT_01","862","","","","","","","","","","0",""
"516","10","CX_10MONT_02","CX_10MONT_02","862","","","","","","","","","","0",""
"517","10","CX_10MONT_03","CX_10MONT_03","862","","","","","","","","","","0",""
"518","11","CX_11FRA_01","CX_11FRA_01","862","","","","","","","","","","0",""
"519","11","CX_11FRA_02","CX_11FRA_02","862","","","","","","","","","","0",""
"520","11","CX_11FRA_03","CX_11FRA_03","862","","","","","","","","","","0",""
"521","12","CX_12ITAP_01","CX_12ITAP_01","862","","","","","","","","","","0",""
"522","12","CX_12ITAP_02","CX_12ITAP_02","862","","","","","","","","","","0",""
"523","12","CX_12ITAP_03","CX_12ITAP_03","862","","","","","","","","","","0",""
"524","1","CX_13SJRP_01","CX_13SJRP_01","862","","","","","","","","","","0",""
"525","1","CX_13SJRP_02","CX_13SJRP_02","862","","","","","","","","","","0",""
"526","1","CX_13SJRP_03","CX_13SJRP_03","862","","","","","","","","","","0",""
"527","1","CX_14CAT_01","CX_14CAT_01","862","","","","","","","","","","0",""
"528","1","CX_14CAT_02","CX_14CAT_02","862","","","","","","","","","","0",""
"529","1","CX_14CAT_03","CX_14CAT_03","862","","","","","","","","","","0",""
"530","1","CX_15JAL_01","CX_15JAL_01","862","","","","","","","","","","0",""
"531","1","CX_15JAL_02","CX_15JAL_02","862","","","","","","","","","","0",""
"532","1","CX_15JAL_03","CX_15JAL_03","862","","","","","","","","","","0",""
"533","1","CX_16VOT_01","CX_16VOT_01","862","","","","","","","","","","0",""
"534","1","CX_16VOT_02","CX_16VOT_02","862","","","","","","","","","","0",""
"535","1","CX_16VOT_03","CX_16VOT_03","862","","","","","","","","","","0",""
"536","1","CX_17TUP_01","CX_17TUP_01","862","","","","","","","","","","0",""
"537","1","CX_17TUP_02","CX_17TUP_02","862","","","","","","","","","","0",""
"538","1","CX_17TUP_03","CX_17TUP_03","862","","","","","","","","","","0",""
"539","1","CX_18MAR_01","CX_18MAR_01","862","","","","","","","","","","0",""
"540","1","CX_18MAR_02","CX_18MAR_02","862","","","","","","","","","","0",""
"541","1","CX_18MAR_03","CX_18MAR_03","862","","","","","","","","","","0",""
"542","1","DGT_01RIB_01","DGT_01RIB_01","630","","324","","","","16/04/2025 17:50:00","MATHEUS.AUGUSTO","MATHEUS.AUGUSTO","16/04/2025 17:50:00","0",""
"543","1","DGT_01RIB_02","DGT_01RIB_02","888","","364","","","","03/11/2025 10:49:00","MATHEUS.AUGUSTO","RICARDO.MORETTI","03/11/2025 10:49:00","0",""
"544","1","DGT_01RIB_03","DGT_01RIB_03","516","","240","","","","09/01/2026 08:41:00","MATHEUS.AUGUSTO","MATHEUS.AUGUSTO","03/11/2025 10:49:00","0",""
"545","2","DGT_02ARA_01","DGT_02ARA_01","630","","","","","","","","","","0",""
"546","2","DGT_02ARA_02","DGT_02ARA_02","1247","","","","","","","","","","0",""
"547","2","DGT_02ARA_03","DGT_02ARA_03","1247","","","","","","","","","","0",""
"548","3","DGT_03BAR_01","DGT_03BAR_01","1243","","362","","","","16/04/2025 17:53:00","MATHEUS.AUGUSTO","MATHEUS.AUGUSTO","16/04/2025 17:53:00","0",""
"549","3","DGT_03BAR_02","DGT_03BAR_02","1243","","","","","","","","","","0",""
"550","3","DGT_03BAR_03","DGT_03BAR_03","1243","","","","","","","","","","0",""
"551","4","DGT_04GUA_01","DGT_04GUA_01","862","","","","","","","","","","0",""
"552","4","DGT_04GUA_02","DGT_04GUA_02","862","","","","","","","","","","0",""
"553","4","DGT_04GUA_03","DGT_04GUA_03","862","","","","","","","","","","0",""
"554","5","DGT_05ITU_01","DGT_05ITU_01","862","","","","","","","","","","0",""
"555","5","DGT_05ITU_02","DGT_05ITU_02","862","","","","","","","","","","0",""
"556","5","DGT_05ITU_03","DGT_05ITU_03","862","","","","","","","","","","0",""
"557","7","DGT_07ORL_01","DGT_07ORL_01","630","","324","","","","16/04/2025 17:54:00","MATHEUS.AUGUSTO","MATHEUS.AUGUSTO","16/04/2025 17:54:00","0",""
"558","7","DGT_07ORL_02","DGT_07ORL_02","1247","","","","","","","","","","0",""
"559","7","DGT_07ORL_03","DGT_07ORL_03","1247","","","","","","","","","","0",""
"560","9","DGT_09BEB_01","DGT_09BEB_01","888","","364","","","","16/04/2025 17:54:00","MATHEUS.AUGUSTO","MATHEUS.AUGUSTO","16/04/2025 17:54:00","0",""
"561","9","DGT_09BEB_02","DGT_09BEB_02","888","","","","","","","","","","0",""
"562","9","DGT_09BEB_03","DGT_09BEB_03","888","","","","","","","","","","0",""
"563","10","DGT_10MONT_01","DGT_10MONT_01","862","","","","","","","","","","0",""
"564","10","DGT_10MONT_02","DGT_10MONT_02","862","","","","","","","","","","0",""
"565","10","DGT_10MONT_03","DGT_10MONT_03","862","","","","","","","","","","0",""
"566","11","DGT_11FRA_01","DGT_11FRA_01","1243","","362","","","","16/04/2025 17:54:00","MATHEUS.AUGUSTO","MATHEUS.AUGUSTO","16/04/2025 17:54:00","0",""
"567","11","DGT_11FRA_02","DGT_11FRA_02","1243","","","","","","","","","","0",""
"568","11","DGT_11FRA_03","DGT_11FRA_03","1243","","","","","","","","","","0",""
"569","12","DGT_12ITAP_01","DGT_12ITAP_01","630","","324","","","","16/04/2025 17:54:00","MATHEUS.AUGUSTO","MATHEUS.AUGUSTO","16/04/2025 17:54:00","0",""
"570","12","DGT_12ITAP_02","DGT_12ITAP_02","1247","","","","","","","","","","0",""
"571","12","DGT_12ITAP_03","DGT_12ITAP_03","1247","","","","","","","","","","0",""
"572","13","DGT_13SJRP_01","DGT_13SJRP_01","888","","364","","","","16/04/2025 17:55:00","MATHEUS.AUGUSTO","MATHEUS.AUGUSTO","16/04/2025 17:55:00","0",""
"573","13","DGT_13SJRP_02","DGT_13SJRP_02","888","","","","","","","","","","0",""
"574","13","DGT_13SJRP_03","DGT_13SJRP_03","888","","","","","","","","","","0",""
"575","14","DGT_14CAT_01","DGT_14CAT_01","888","","364","","","","16/04/2025 17:55:00","MATHEUS.AUGUSTO","MATHEUS.AUGUSTO","16/04/2025 17:55:00","0",""
"576","14","DGT_14CAT_02","DGT_14CAT_02","888","","","","","","","","","","0",""
"577","14","DGT_14CAT_03","DGT_14CAT_03","888","","","","","","","","","","0",""
"578","15","DGT_15JAL_01","DGT_15JAL_01","1243","","362","","","","16/04/2025 17:55:00","MATHEUS.AUGUSTO","MATHEUS.AUGUSTO","16/04/2025 17:55:00","0",""
"579","15","DGT_15JAL_02","DGT_15JAL_02","1243","","","","","","","","","","0",""
"580","15","DGT_15JAL_03","DGT_15JAL_03","1243","","","","","","","","","","0",""
"581","16","DGT_16VOT_01","DGT_16VOT_01","1243","","362","","","","16/04/2025 17:56:00","MATHEUS.AUGUSTO","MATHEUS.AUGUSTO","16/04/2025 17:56:00","0",""
"582","16","DGT_16VOT_02","DGT_16VOT_02","1243","","","","","","","","","","0",""
"583","16","DGT_16VOT_03","DGT_16VOT_03","1243","","","","","","","","","","0",""
"584","17","DGT_17TUP_01","DGT_17TUP_01","630","","","","","","","","","","0",""
"585","17","DGT_17TUP_02","DGT_17TUP_02","1247","","","","","","","","","","0",""
"586","17","DGT_17TUP_03","DGT_17TUP_03","1247","","","","","","","","","","0",""
"587","18","DGT_18MAR_01","DGT_18MAR_01","630","","","","","","","","","","0",""
"588","18","DGT_18MAR_02","DGT_18MAR_02","1247","","","","","","","","","","0",""
"589","18","DGT_18MAR_03","DGT_18MAR_03","1247","","","","","","","","","","0",""
"590","1","SRV_01RIB_01","SRV_01RIB_01","862","","","","","","","","","","0",""
"591","1","SRV_01RIB_02","SRV_01RIB_02","862","","","","","","","","","","0",""
"592","1","SRV_01RIB_03","SRV_01RIB_03","862","","","","","","","","","","0",""
"593","2","SRV_02ARA_01","SRV_02ARA_01","862","","","","","","","","","","0",""
"594","2","SRV_02ARA_02","SRV_02ARA_02","862","","","","","","","","","","0",""
"595","2","SRV_02ARA_03","SRV_02ARA_03","862","","","","","","","","","","0",""
"596","3","SRV_03BAR_01","SRV_03BAR_01","862","","","","","","","","","","0",""
"597","3","SRV_03BAR_02","SRV_03BAR_02","862","","","","","","","","","","0",""
"598","3","SRV_03BAR_03","SRV_03BAR_03","862","","","","","","","","","","0",""
"599","4","SRV_04GUA_01","SRV_04GUA_01","862","","","","","","","","","","0",""
"600","4","SRV_04GUA_02","SRV_04GUA_02","862","","","","","","","","","","0",""
"601","4","SRV_04GUA_03","SRV_04GUA_03","862","","","","","","","","","","0",""
"602","5","SRV_05ITU_01","SRV_05ITU_01","862","","","","","","","","","","0",""
"603","5","SRV_05ITU_02","SRV_05ITU_02","862","","","","","","","","","","0",""
"604","5","SRV_05ITU_03","SRV_05ITU_03","862","","","","","","","","","","0",""
"605","7","SRV_07ORL_01","SRV_07ORL_01","862","","","","","","","","","","0",""
"606","7","SRV_07ORL_02","SRV_07ORL_02","862","","","","","","","","","","0",""
"607","7","SRV_07ORL_03","SRV_07ORL_03","862","","","","","","","","","","0",""
"608","9","SRV_09BEB_01","SRV_09BEB_01","862","","","","","","","","","","0",""
"609","9","SRV_09BEB_02","SRV_09BEB_02","862","","","","","","","","","","0",""
"610","9","SRV_09BEB_03","SRV_09BEB_03","862","","","","","","","","","","0",""
"611","10","SRV_10MONT_01","SRV_10MONT_01","862","","","","","","","","","","0",""
"612","10","SRV_10MONT_02","SRV_10MONT_02","862","","","","","","","","","","0",""
"613","10","SRV_10MONT_03","SRV_10MONT_03","862","","","","","","","","","","0",""
"614","11","SRV_11FRA_01","SRV_11FRA_01","862","","","","","","","","","","0",""
"615","11","SRV_11FRA_02","SRV_11FRA_02","862","","","","","","","","","","0",""
"616","11","SRV_11FRA_03","SRV_11FRA_03","862","","","","","","","","","","0",""
"617","12","SRV_12ITAP_01","SRV_12ITAP_01","862","","","","","","","","","","0",""
"618","12","SRV_12ITAP_02","SRV_12ITAP_02","862","","","","","","","","","","0",""
"619","12","SRV_12ITAP_03","SRV_12ITAP_03","862","","","","","","","","","","0",""
"620","1","SRV_13SJRP_01","SRV_13SJRP_01","862","","","","","","","","","","0",""
"621","1","SRV_13SJRP_02","SRV_13SJRP_02","862","","","","","","","","","","0",""
"622","1","SRV_13SJRP_03","SRV_13SJRP_03","862","","","","","","","","","","0",""
"623","1","SRV_14CAT_01","SRV_14CAT_01","862","","","","","","","","","","0",""
"624","1","SRV_14CAT_02","SRV_14CAT_02","862","","","","","","","","","","0",""
"625","1","SRV_14CAT_03","SRV_14CAT_03","862","","","","","","","","","","0",""
"626","1","SRV_15JAL_01","SRV_15JAL_01","862","","","","","","","","","","0",""
"627","1","SRV_15JAL_02","SRV_15JAL_02","862","","","","","","","","","","0",""
"628","1","SRV_15JAL_03","SRV_15JAL_03","862","","","","","","","","","","0",""
"629","1","SRV_16VOT_01","SRV_16VOT_01","862","","","","","","","","","","0",""
"630","1","SRV_16VOT_02","SRV_16VOT_02","862","","","","","","","","","","0",""
"631","1","SRV_16VOT_03","SRV_16VOT_03","862","","","","","","","","","","0",""
"632","1","SRV_17TUP_01","SRV_17TUP_01","862","","","","","","","","","","0",""
"633","1","SRV_17TUP_02","SRV_17TUP_02","862","","","","","","","","","","0",""
"634","1","SRV_17TUP_03","SRV_17TUP_03","862","","","","","","","","","","0",""
"635","1","SRV_18MAR_01","SRV_18MAR_01","862","","","","","","","","","","0",""
"636","1","SRV_18MAR_02","SRV_18MAR_02","862","","","","","","","","","","0",""
"637","1","SRV_18MAR_03","SRV_18MAR_03","862","","","","","","","","","","0",""
"638","1","PEÇ_01RIB_01","PEÇ_01RIB_01","862","","","","","","","","","","0",""
"639","1","PEÇ_01RIB_02","PEÇ_01RIB_02","862","","","","","","","","","","0",""
"640","1","PEÇ_01RIB_03","PEÇ_01RIB_03","862","","","","","","","","","","0",""
"641","1","PEÇ_01RIB_04","PEÇ_01RIB_04","862","","","","","","","","","","0",""
"642","2","PEÇ_02ARA_01","PEÇ_02ARA_01","862","","","","","","","","","","0",""
"643","2","PEÇ_02ARA_02","PEÇ_02ARA_02","862","","","","","","","","","","0",""
"644","2","PEÇ_02ARA_03","PEÇ_02ARA_03","862","","","","","","","","","","0",""
"645","2","PEÇ_02ARA_04","PEÇ_02ARA_04","862","","","","","","","","","","0",""
"646","3","PEÇ_03BAR_01","PEÇ_03BAR_01","862","","","","","","","","","","0",""
"647","3","PEÇ_03BAR_02","PEÇ_03BAR_02","862","","","","","","","","","","0",""
"648","3","PEÇ_03BAR_03","PEÇ_03BAR_03","862","","","","","","","","","","0",""
"649","3","PEÇ_03BAR_04","PEÇ_03BAR_04","862","","","","","","","","","","0",""
"650","4","PEÇ_04GUA_01","PEÇ_04GUA_01","862","","","","","","","","","","0",""
"651","4","PEÇ_04GUA_02","PEÇ_04GUA_02","862","","","","","","","","","","0",""
"652","4","PEÇ_04GUA_03","PEÇ_04GUA_03","862","","","","","","","","","","0",""
"653","4","PEÇ_04GUA_04","PEÇ_04GUA_04","862","","","","","","","","","","0",""
"654","5","PEÇ_05ITU_02","PEÇ_05ITU_02","862","","","","","","","","","","0",""
"655","5","PEÇ_05ITU_01","PEÇ_05ITU_01","862","","","","","","","","","","0",""
"656","5","PEÇ_05ITU_03","PEÇ_05ITU_03","862","","","","","","","","","","0",""
"657","5","PEÇ_05ITU_04","PEÇ_05ITU_04","862","","","","","","","","","","0",""
"658","7","PEÇ_07ORL_01","PEÇ_07ORL_01","862","","","","","","","","","","0",""
"659","7","PEÇ_07ORL_02","PEÇ_07ORL_02","862","","","","","","","","","","0",""
"660","7","PEÇ_07ORL_03","PEÇ_07ORL_03","862","","","","","","","","","","0",""
"661","7","PEÇ_07ORL_04","PEÇ_07ORL_04","862","","","","","","","","","","0",""
"662","9","PEÇ_09BEB_01","PEÇ_09BEB_01","862","","","","","","","","","","0",""
"663","9","PEÇ_09BEB_02","PEÇ_09BEB_02","862","","","","","","","","","","0",""
"664","9","PEÇ_09BEB_03","PEÇ_09BEB_03","862","","","","","","","","","","0",""
"665","9","PEÇ_09BEB_04","PEÇ_09BEB_04","862","","","","","","","","","","0",""
"666","10","PEÇ_10MONT_01","PEÇ_10MONT_01","862","","","","","","","","","","0",""
"667","10","PEÇ_10MONT_02","PEÇ_10MONT_02","862","","","","","","","","","","0",""
"668","10","PEÇ_10MONT_03","PEÇ_10MONT_03","862","","","","","","","","","","0",""
"669","10","PEÇ_10MONT_04","PEÇ_10MONT_04","862","","","","","","","","","","0",""
"670","11","PEÇ_11FRA_01","PEÇ_11FRA_01","862","","","","","","","","","","0",""
"671","11","PEÇ_11FRA_02","PEÇ_11FRA_02","862","","","","","","","","","","0",""
"672","11","PEÇ_11FRA_03","PEÇ_11FRA_03","862","","","","","","","","","","0",""
"673","11","PEÇ_11FRA_04","PEÇ_11FRA_04","862","","","","","","","","","","0",""
"674","12","PEÇ_12ITAP_01","PEÇ_12ITAP_01","862","","","","","","","","","","0",""
"675","12","PEÇ_12ITAP_02","PEÇ_12ITAP_02","862","","","","","","","","","","0",""
"676","12","PEÇ_12ITAP_03","PEÇ_12ITAP_03","862","","","","","","","","","","0",""
"677","12","PEÇ_12ITAP_04","PEÇ_12ITAP_04","862","","","","","","","","","","0",""
"678","13","PEÇ_13SJRP_01","PEÇ_13SJRP_01","1011","","370","","","","10/03/2025 11:57:28","MATHEUS.AUGUSTO","MATHEUS.AUGUSTO","10/03/2025 11:57:28","0",""
"679","13","PEÇ_13SJRP_02","PEÇ_13SJRP_02","1009","","","","","","","","","","0",""
"680","13","PEÇ_13SJRP_03","PEÇ_13SJRP_03","1008","","","","","","","","","","0",""
"681","13","PEÇ_13SJRP_04","PEÇ_13SJRP_04","1010","","445","","","","15/05/2026 16:12:00","MATHEUS.AUGUSTO","MATHEUS.AUGUSTO","15/05/2026 16:12:00","0",""
"682","14","PEÇ_14CAT_01","PEÇ_14CAT_01","1216","","","","","","","","","","0",""
"683","14","PEÇ_14CAT_02","PEÇ_14CAT_02","990","","443","","","","17/04/2026 11:07:22","RICARDO.MORETTI","MATHEUS.AUGUSTO","14/10/2025 17:42:00","0",""
"684","14","PEÇ_14CAT_03","PEÇ_14CAT_03","995","","375","","","","08/04/2025 14:35:55","MATHEUS.AUGUSTO","MATHEUS.AUGUSTO","08/04/2025 14:35:55","0",""
"685","1","PEÇ_14CAT_04","PEÇ_14CAT_04","862","","","","","","","","","","0",""
"686","15","PEÇ_15JAL_01","PEÇ_15JAL_01","999","","","","","","","","","","0",""
"687","15","PEÇ_15JAL_02","PEÇ_15JAL_02","1374","","416","","","","28/03/2025 12:38:32","MATHEUS.AUGUSTO","MATHEUS.AUGUSTO","28/03/2025 12:38:32","0",""
"688","1","PEÇ_15JAL_03","PEÇ_15JAL_03","862","","","","","","","","","","0",""
"689","1","PEÇ_15JAL_04","PEÇ_15JAL_04","862","","","","","","","","","","0",""
"690","16","PEÇ_16VOT_01","PEÇ_16VOT_01","1024","","","","","","","","","","0",""
"691","16","PEÇ_16VOT_02","PEÇ_16VOT_02","1022","","437","","","","10/12/2025 10:55:05","MATHEUS.AUGUSTO","MATHEUS.AUGUSTO","18/03/2025 17:33:00","0",""
"692","16","PEÇ_16VOT_03","PEÇ_16VOT_03","1025","","442","","","","04/03/2026 13:25:00","RICARDO.MORETTI","RICARDO.MORETTI","04/03/2026 13:25:00","0",""
"693","1","PEÇ_16VOT_04","PEÇ_16VOT_04","862","","","","","","","","","","0",""
"694","17","PEÇ_17TUP_01","PEÇ_17TUP_01","1033","","","","","","","","","","0",""
"695","1","PEÇ_17TUP_02","PEÇ_17TUP_02","862","","","","","","","","","","0",""
"696","1","PEÇ_17TUP_03","PEÇ_17TUP_03","862","","","","","","","","","","0",""
"697","1","PEÇ_17TUP_04","PEÇ_17TUP_04","862","","","","","","","","","","0",""
"698","18","PEÇ_18MAR_01","PEÇ_18MAR_01","1002","","381","","","","10/03/2025 13:52:44","MATHEUS.AUGUSTO","MATHEUS.AUGUSTO","10/03/2025 13:52:44","0",""
"699","1","PEÇ_18MAR_02","PEÇ_18MAR_02","862","","","","","","","","","","0",""
"700","1","PEÇ_18MAR_03","PEÇ_18MAR_03","862","","","","","","","","","","0",""
"701","1","PEÇ_18MAR_04","PEÇ_18MAR_04","862","","","","","","","","","","0",""
"702","1","VENDA-AMS","VENDA-AMS","879","","","","","","29/08/2025 09:50:00","RICARDO.MORETTI","RICARDO.MORETTI","29/08/2025 09:50:00","0",""
"703","5","TBA_COLABORADOR","COLABORADORES TRACBEL AGRO","482","","","","","","15/08/2025 08:56:54","RICARDO.MORETTI","RICARDO.MORETTI","15/08/2025 08:56:54","0",""
"704","1","TBA_CALL-CENTER","CALL CENTER TRACBEL AGRO","473","","","","","","","","","","0",""
"705","1","TBA_COLLECTION","COLLECTION TRACBEL AGRO","482","","","","","","","","","","0",""
"706","5","TBA_CONCORRENTE","CONCORRENTES TRACBEL AGRO","482","","","","","","15/08/2025 08:56:43","RICARDO.MORETTI","RICARDO.MORETTI","15/08/2025 08:56:43","0",""
"707","1","TBA_EX-COLABORA","EX COLABORADORES TRACBEL AGRO","482","","","","","","","","","","0",""
"708","5","TBA_FILIAIS","FILIAIS TRACBEL AGRO","482","","137","","","","11/08/2025 17:26:00","MATHEUS.AUGUSTO","MATHEUS.AUGUSTO","11/08/2025 17:26:00","0",""
"709","1","TBA_INATIVOS","CADASTROS INATIVOS TRACBEL AGRO","482","","","","","","","","","","0",""
"710","5","TBA_PARCEIROS","PARCEIROS TRACBEL AGRO","482","","","","","","15/08/2025 08:57:06","RICARDO.MORETTI","RICARDO.MORETTI","15/08/2025 08:57:06","0",""
"711","1","TBA_FORA_ADR","FORA DA REGIÃO TRACBEL AGRO","482","","","","","","","","","","0",""
"712","1","TBA_SIND_CATI","TBA_SIND_CATI","482","","","","","","","","","","0",""
"713","7","TBA_SEM_ATUAÇÃO","FORA ATUAÇÃO TRACBEL AGRO","482","","","","","","","","","","0",""
"714","5","TBA_ARRENDAMENT","ARRENDAMENTO TRACBEL AGRO","482","","","","","","15/08/2025 08:52:05","RICARDO.MORETTI","RICARDO.MORETTI","15/08/2025 08:52:05","0",""
"715","6","TBA_CONTATO-IMP","CONTATO IMPLEMENTOS","482","","","","","","","","","","0",""
"716","1","VEND_DIRETORIAA","VEND_DIRETORIAA","482","","","","","","","","","","0",""
"717","5","TBA_S/POTENCIAL","SEM POTENCIAL","482","","","","","","15/08/2025 08:57:15","RICARDO.MORETTI","RICARDO.MORETTI","15/08/2025 08:57:15","0",""
"718","1","TBA_INT_MERCADO","INTELIGÊNCIA DE MERCADO TRACBEL AGRO","482","","","","","","","","","","0",""
"719","1","TBA_VEND_IMP_01","TBA_VEND_IMP_01","482","","","","","","","","","","0",""
"720","1","POT_N_AGR_TBA","POTENCIAL_N_AGR_TBA","482","","","","","","","","","","0",""
"721","5","TBA_LOJAS_JD","CONCESSIONÁRIOS JOHN DEERE","482","","","","","","15/08/2025 08:56:34","RICARDO.MORETTI","RICARDO.MORETTI","15/08/2025 08:56:34","0",""
"722","1","IM_S_POTENCIAL","IM_S_POTENCIAL","482","","","","","","","","","","0",""
"723","1","TESTE_NETO","TESTE APP MOBILE LITE","1311","","","","","","","","","","0",""
"724","3","TESTE_MATHEUS","TESTE APP MOBILE LITE","1312","","","","","","","","","","0",""
"725","1","MAQ_14CAT_DIRET","MAQ_14CAT_DIRET","862","","","","","","","","","","0",""
"726","15","MAQ_15JAL_DIRET","MAQ_15JAL_DIRET","862","","","","","","","","","","0",""
"727","17","MAQ_17TUP_DIRET","MAQ_17TUP_DIRET","862","","","","","","","","","","0",""
"728","16","DSI_PUK_01","DSI_PUK_01","949","","386","","","","06/03/2026 15:52:00","MATHEUS.AUGUSTO","MATHEUS.AUGUSTO","02/04/2025 09:33:00","0",""
"729","14","DSI_PUK_02","DSI_PUK_02","940","","402","","","","02/04/2025 09:28:00","MATHEUS.AUGUSTO","MATHEUS.AUGUSTO","02/04/2025 09:28:00","0",""
"730","3","DSI_PUK_03","DSI_PUK_03","742","","401","","","","02/04/2025 09:33:00","MATHEUS.AUGUSTO","MATHEUS.AUGUSTO","02/04/2025 09:33:00","0",""
"731","13","DSI_PUK2_01","DSI_PUK2_01","482","","137","","","","26/06/2026 15:29:42","MATHEUS.AUGUSTO","MATHEUS.AUGUSTO","02/04/2025 09:34:00","0",""
"732","13","MAQ_00TESTE","MAQ_00TESTE","1338","","","","","","","","","","0",""
"733","3","DSI_ESP_01","DSI_ESP_01","879","","417","","","","06/05/2025 10:52:02","NETO.PRADO","MATHEUS.AUGUSTO","20/02/2025 10:05:00","0",""
"734","14","DSI_ESP_02","DSI_ESP_02","937","","384","","","","20/02/2025 10:10:00","NETO.PRADO","NETO.PRADO","20/02/2025 10:10:00","0",""
"735","17","DSI_ESP_03","DSI_ESP_03","1197","","387","","","","20/02/2025 10:12:00","NETO.PRADO","NETO.PRADO","20/02/2025 10:12:00","0",""
"736","11","DSI_ESP_04","DSI_ESP_04","1197","","387","","","","20/02/2025 10:24:59","NETO.PRADO","NETO.PRADO","20/02/2025 10:19:00","0",""
"737","16","DSI_ESP_05","DSI_ESP_05","881","","307","","","","20/02/2025 10:26:44","NETO.PRADO","NETO.PRADO","20/02/2025 10:21:00","0",""
"738","1","DGT_FORAREG_01","DGT_FORAREG_01","630","","324","","","","23/07/2025 09:24:05","MATHEUS.AUGUSTO","MATHEUS.AUGUSTO","23/07/2025 09:24:05","0",""
"739","1","DGT_FORAREG_02","DGT_FORAREG_02","888","","364","","","","21/07/2025 09:29:43","MATHEUS.AUGUSTO","MATHEUS.AUGUSTO","21/07/2025 09:29:43","0",""
"740","1","DGT_FORAREG_03","DGT_FORAREG_03","516","","240","","","","16/07/2025 14:47:00","MATHEUS.AUGUSTO","MATHEUS.AUGUSTO","16/07/2025 14:47:00","0",""
"741","16","DSI_ESP_06","DSI_ESP_06","938","","405","","","","20/02/2025 10:28:17","NETO.PRADO","NETO.PRADO","20/02/2025 10:27:00","0",""
"742","3","DSI_ESP_07","DSI_ESP_07","879","","","","","","20/02/2025 10:33:00","NETO.PRADO","MATHEUS.AUGUSTO","20/02/2025 10:28:00","0",""
"743","13","DSI_ESP_09","DSI_ESP_09","946","","410","","","","20/02/2025 10:39:09","NETO.PRADO","NETO.PRADO","20/02/2025 10:33:00","0",""
"744","5","TBA_QUALIFICAR","TBA_QUALIFICAR","516","","240","","","","11/08/2025 17:27:00","NETO.PRADO","MATHEUS.AUGUSTO","18/03/2025 13:45:00","0",""
"745","1","TBA_TRANSFERIR","TBA_TRANSFERIR","879","","417","","","","06/05/2025 16:52:00","MATHEUS.AUGUSTO","MATHEUS.AUGUSTO","06/05/2025 16:52:00","0",""
"746","1","TESTE_MANOEL","TESTE_MANOEL","656","","420","","","","07/05/2025 11:14:00","MATHEUS.AUGUSTO","MATHEUS.AUGUSTO","07/05/2025 11:14:00","0",""
"750","1","TBA_PNEUS_01","TBA_PNEUS_01","1234","","419","","","","20/05/2025 07:39:00","MATHEUS.AUGUSTO","MATHEUS.AUGUSTO","20/05/2025 07:39:00","0",""
"751","1","TBA_PNEUS_02","TBA_PNEUS_02","1461","","446","","","","01/06/2026 09:50:26","MATHEUS.AUGUSTO","MATHEUS.AUGUSTO","20/05/2025 07:43:00","0",""
"752","1","DGT_01RIB","DGT_01RIB","630","","324","","","","09/06/2025 08:40:00","MATHEUS.AUGUSTO","MATHEUS.AUGUSTO","09/06/2025 08:40:00","0",""
"753","2","DGT_02ARA","DGT_02ARA","516","","240","","","","09/01/2026 08:38:00","MATHEUS.AUGUSTO","MATHEUS.AUGUSTO","09/06/2025 10:50:00","0",""
"754","3","DGT_03BAR","DGT_03BAR","516","","240","","","","07/07/2025 14:45:00","MATHEUS.AUGUSTO","MATHEUS.AUGUSTO","09/06/2025 10:51:00","0",""
"755","7","DGT_07ORL","DGT_07ORL","1398","","433","","","","09/01/2026 08:50:37","MATHEUS.AUGUSTO","RICARDO.MORETTI","09/06/2025 10:51:00","0",""
"756","9","DGT_09BEB","DGT_09BEB","888","","364","","","","09/06/2025 10:52:00","MATHEUS.AUGUSTO","MATHEUS.AUGUSTO","09/06/2025 10:52:00","0",""
"757","11","DGT_11FRA","DGT_11FRA","630","","324","","","","07/07/2025 14:44:00","MATHEUS.AUGUSTO","RICARDO.MORETTI","09/06/2025 10:52:00","0",""
"758","12","DGT_12ITAP","DGT_12ITAP","516","","240","","","","03/06/2026 11:50:18","MATHEUS.AUGUSTO","MATHEUS.AUGUSTO","09/06/2025 10:53:00","0",""
"759","13","DGT_13SJRP","DGT_13SJRP","630","","324","","","","09/01/2026 08:46:03","MATHEUS.AUGUSTO","RICARDO.MORETTI","09/06/2025 10:53:00","0",""
"760","14","DGT_14CAT","DGT_14CAT","888","","364","","","","09/06/2025 10:54:00","MATHEUS.AUGUSTO","MATHEUS.AUGUSTO","09/06/2025 10:54:00","0",""
"761","15","DGT_15JAL","DGT_15JAL","516","","240","","","","03/06/2026 11:50:49","MATHEUS.AUGUSTO","MATHEUS.AUGUSTO","09/06/2025 10:54:00","0",""
"762","16","DGT_16VOT","DGT_16VOT","516","","240","","","","07/07/2025 14:44:00","MATHEUS.AUGUSTO","MATHEUS.AUGUSTO","09/06/2025 10:55:00","0",""
"763","17","DGT_17TUP","DGT_17TUP","1398","","433","","","","09/01/2026 08:52:47","MATHEUS.AUGUSTO","RICARDO.MORETTI","09/06/2025 10:56:00","0",""
"764","18","DGT_18MAR","DGT_18MAR","888","","364","","","","09/01/2026 08:42:50","MATHEUS.AUGUSTO","RICARDO.MORETTI","09/06/2025 10:56:00","0",""
"765","10","MAQ_DIRETORIA","MAQ_DIRETORIA","847","","430","","","","09/10/2025 08:32:27","MATHEUS.AUGUSTO","MATHEUS.AUGUSTO","09/10/2025 08:29:00","0",""
"766","2","ARA_PEÇAS_03","ARA_PEÇAS_03","1147","","431","","","","17/10/2025 14:24:00","MATHEUS.AUGUSTO","MATHEUS.AUGUSTO","17/10/2025 14:24:00","0",""
"767","1","DGT_01RIB_04","DGT_01RIB_04","1398","","433","","","","09/01/2026 08:52:08","MATHEUS.AUGUSTO","RICARDO.MORETTI","03/11/2025 10:50:00","0",""
"768","1","DGT_01RIB_05","DGT_01RIB_05","516","","240","","","","09/01/2026 08:50:00","MATHEUS.AUGUSTO","MATHEUS.AUGUSTO","03/11/2025 10:50:00","0",""
"769","1","DSI_PUK_05","DSI_PUK_05","881","","307","","","","05/12/2025 14:52:00","MATHEUS.AUGUSTO","MATHEUS.AUGUSTO","05/12/2025 14:39:00","0",""
"770","13","DSI_PUK_06","DSI_PUK_06","938","","405","","","","05/12/2025 14:53:00","MATHEUS.AUGUSTO","MATHEUS.AUGUSTO","05/12/2025 14:40:00","0",""
"771","17","DSI_PUK2_02","DSI_PUK2_02","482","","137","","","","26/06/2026 15:32:16","MATHEUS.AUGUSTO","MATHEUS.AUGUSTO","05/12/2025 14:40:00","0",""
"772","7","DSI_PUK2_03","DSI_PUK2_03","482","","137","","","","26/06/2026 15:32:58","MATHEUS.AUGUSTO","MATHEUS.AUGUSTO","05/12/2025 14:41:00","0",""
"773","3","DSI_PUK2_05","DSI_PUK2_05","482","","137","","","","26/06/2026 15:33:23","MATHEUS.AUGUSTO","MATHEUS.AUGUSTO","05/12/2025 14:41:00","0",""
"774","9","DSI_PUK2_06","DSI_PUK2_06","482","","137","","","","10/06/2026 14:21:00","MATHEUS.AUGUSTO","MATHEUS.AUGUSTO","05/12/2025 14:41:00","0",""
"775","1","DGT_FORAREG_04","DGT_FORAREG_04","1398","","433","","","","14/01/2026 08:51:00","MATHEUS.AUGUSTO","MATHEUS.AUGUSTO","14/01/2026 08:51:00","0",""
"776","1","DGT_FORAREG_05","DGT_FORAREG_05","516","","240","","","","03/06/2026 11:51:08","MATHEUS.AUGUSTO","MATHEUS.AUGUSTO","14/01/2026 08:52:00","0",""
"777","1","DGT_FORAREG_06","DGT_FORAREG_06","516","","240","","","","14/01/2026 08:53:00","MATHEUS.AUGUSTO","MATHEUS.AUGUSTO","14/01/2026 08:53:00","0",""
"778","13","TESTE_DSI","TESTE_DSI","1312","","417","","","","02/02/2026 14:14:00","MATHEUS.AUGUSTO","MATHEUS.AUGUSTO","02/02/2026 14:14:00","0",""
