"SeqCarteira","SeqDepto","DtaAlteracao","UsuAlteracao"
"6","2","02/01/2012 14:16:51","VTCCONS"
"18","2","03/01/2012 17:11:13","VTCCONS"
"19","2","10/01/2023 15:27:39","VANESSA.ALVES"
"27","2","08/02/2012 14:54:00","VTCCONS"
"29","2","18/04/2024 10:55:59","NETO.PRADO"
"30","2","18/04/2024 11:21:59","NETO.PRADO"
"33","2","08/02/2012 14:54:15","VTCCONS"
"34","2","08/02/2012 14:54:22","VTCCONS"
"35","2","08/02/2012 14:54:27","VTCCONS"
"39","2","05/07/2012 11:55:15","MARCELO.EDER"
"41","2","07/02/2013 14:57:45","MARCELO.EDER"
"46","2","08/02/2013 11:08:25","MARCELO.EDER"
"48","2","01/03/2013 15:31:40","MARCELO.EDER"
"53","2","08/07/2013 16:28:53","JULIANA.PLACIDI"
"58","2","08/01/2014 09:03:26","JULIANA.PLACIDI"
"80","3","18/03/2015 15:08:42","JULIANA.PLACIDI"
"91","2","13/07/2015 17:19:04","MARILIA.RESENDE"
"92","2","18/04/2024 11:29:58","NETO.PRADO"
"101","5","09/09/2016 09:48:44","BRUNA.FELICIO"
"102","5","09/09/2016 09:49:06","BRUNA.FELICIO"
"105","2","12/08/2016 10:24:53","BRUNA.FELICIO"
"106","2","12/08/2016 10:33:19","BRUNA.FELICIO"
"107","2","13/09/2021 09:38:27","VANESSA.ALVES"
"108","3","01/09/2016 15:22:56","BRUNA.FELICIO"
"109","3","01/09/2016 15:22:25","BRUNA.FELICIO"
"110","3","01/09/2016 15:24:49","BRUNA.FELICIO"
"111","3","31/10/2016 16:48:58","VANESSA.ALVES"
"112","3","01/09/2016 15:25:08","BRUNA.FELICIO"
"113","3","01/09/2016 15:21:57","BRUNA.FELICIO"
"114","3","01/09/2016 15:27:22","BRUNA.FELICIO"
"115","3","01/09/2016 15:27:54","BRUNA.FELICIO"
"116","3","01/09/2016 15:36:36","BRUNA.FELICIO"
"117","3","01/09/2016 15:40:21","BRUNA.FELICIO"
"118","3","01/09/2016 15:43:25","BRUNA.FELICIO"
"119","3","31/10/2016 16:49:28","VANESSA.ALVES"
"120","3","01/09/2016 15:54:26","BRUNA.FELICIO"
"121","3","09/09/2016 09:34:16","BRUNA.FELICIO"
"122","4","21/09/2016 09:38:11","BRUNA.FELICIO"
"123","4","21/09/2016 11:06:55","BRUNA.FELICIO"
"124","5","26/12/2016 09:11:33","BRUNA.FELICIO"
"125","4","09/02/2017 10:32:55","BRUNA.FELICIO"
"126","9","11/05/2017 08:24:48","VANESSA.ALVES"
"127","9","12/05/2017 09:29:26","VANESSA.ALVES"
"128","14","23/06/2017 08:40:21","VANESSA.ALVES"
"129","12","23/06/2017 08:41:51","VANESSA.ALVES"
"130","9","23/06/2017 08:52:10","VANESSA.ALVES"
"135","9","30/01/2018 12:06:05","BRUNA.FELICIO"
"136","9","07/02/2018 10:07:37","VANESSA.ALVES"
"137","9","30/01/2018 12:09:58","BRUNA.FELICIO"
"138","9","30/01/2018 12:15:13","BRUNA.FELICIO"
"139","26","08/11/2024 10:24:52","NETO.PRADO"
"140","2","12/03/2018 14:52:17","BRUNA.FELICIO"
"142","9","25/04/2018 10:09:51","VANESSA.ALVES"
"143","2","13/09/2021 09:38:51","VANESSA.ALVES"
"155","3","12/02/2020 16:04:01","DIEGO.MARQUES"
"156","3","22/05/2020 11:25:35","DIEGO.MARQUES"
"157","3","12/02/2020 16:31:44","DIEGO.MARQUES"
"159","3","12/02/2020 16:39:09","DIEGO.MARQUES"
"160","3","07/07/2021 11:15:56","DIEGO.MARQUES"
"162","2","11/01/2024 10:20:00","GUILHERME.PENNA"
"163","20","11/03/2020 09:58:56","DIEGO.MARQUES"
"164","20","11/03/2020 09:59:07","DIEGO.MARQUES"
"165","21","03/07/2020 08:33:17","VANESSA.ALVES"
"168","19","15/07/2020 12:59:23","DIEGO.MARQUES"
"171","2","30/12/2020 18:06:06","VANESSA.ALVES"
"174","4","29/01/2021 08:48:45","VANESSA.ALVES"
"175","22","21/03/2021 20:10:07","DIEGO.MARQUES"
"176","19","01/04/2021 08:47:59","VANESSA.ALVES"
"177","19","01/04/2021 09:26:08","VANESSA.ALVES"
"178","3","05/04/2021 16:03:22","DIEGO.MARQUES"
"179","22","07/12/2021 14:42:52","VANESSA.ALVES"
"180","4","30/12/2021 11:59:04","VANESSA.ALVES"
"181","20","10/02/2022 08:45:27","VANESSA.ALVES"
"182","7","16/02/2022 10:41:55","VANESSA.ALVES"
"183","7","16/02/2022 10:44:23","VANESSA.ALVES"
"184","7","16/02/2022 10:46:54","VANESSA.ALVES"
"185","7","16/02/2022 10:48:23","VANESSA.ALVES"
"188","7","14/03/2022 09:16:31","VANESSA.ALVES"
"189","7","15/03/2022 10:58:09","VANESSA.ALVES"
"190","7","15/03/2022 11:00:18","VANESSA.ALVES"
"191","7","15/03/2022 11:01:49","VANESSA.ALVES"
"192","7","15/03/2022 13:14:40","VANESSA.ALVES"
"194","19","26/04/2022 10:44:02","VANESSA.ALVES"
"195","22","26/04/2022 10:46:46","VANESSA.ALVES"
"196","3","27/04/2022 16:37:08","VANESSA.ALVES"
"201","23","15/07/2022 15:11:29","VANESSA.ALVES"
"202","23","15/07/2022 15:11:42","VANESSA.ALVES"
"204","21","02/02/2023 11:38:48","VANESSA.ALVES"
"205","20","07/03/2023 23:02:02","VANESSA.ALVES"
"207","3","04/05/2023 16:57:52","VANESSA.ALVES"
"208","3","03/08/2023 08:43:00","VANESSA.ALVES"
"209","24","05/12/2023 09:43:00","VANESSA.ALVES"
"211","2","18/04/2024 10:48:41","LIVIA.SILVA"
"212","2","18/04/2024 10:53:53","LIVIA.SILVA"
"213","2","18/04/2024 11:03:30","LIVIA.SILVA"
"214","2","18/04/2024 11:08:54","LIVIA.SILVA"
"215","2","18/04/2024 09:56:34","LIVIA.SILVA"
"216","2","18/04/2024 10:08:32","LIVIA.SILVA"
"217","2","18/04/2024 10:20:25","LIVIA.SILVA"
"223","3","15/08/2024 07:55:07","MATHEUS.AUGUSTO"
"224","3","12/09/2024 12:45:00","MATHEUS.AUGUSTO"
"234","2","19/08/2026 16:15:16","RICARDO.MORETTI"
"282","2","02/12/2024 16:55:37","NETO.PRADO"
"283","2","02/12/2024 16:58:48","NETO.PRADO"
"284","2","02/12/2024 16:59:29","NETO.PRADO"
"285","2","05/05/2025 14:50:16","MATHEUS.AUGUSTO"
"288","2","02/12/2024 17:01:04","NETO.PRADO"
"289","2","02/12/2024 17:01:39","NETO.PRADO"
"290","2","02/12/2024 17:02:05","NETO.PRADO"
"291","2","08/07/2025 11:18:20","MATHEUS.AUGUSTO"
"294","2","02/12/2024 17:04:13","NETO.PRADO"
"295","2","02/12/2024 17:04:36","NETO.PRADO"
"296","2","02/12/2024 17:05:01","NETO.PRADO"
"300","2","02/12/2024 17:06:30","NETO.PRADO"
"301","2","02/12/2024 17:07:17","NETO.PRADO"
"302","2","02/12/2024 17:08:03","NETO.PRADO"
"303","2","06/01/2025 17:08:20","NETO.PRADO"
"306","2","02/12/2024 17:08:42","NETO.PRADO"
"307","2","02/12/2024 17:09:21","NETO.PRADO"
"308","2","13/01/2025 08:51:55","MATHEUS.AUGUSTO"
"312","2","02/12/2024 17:10:46","NETO.PRADO"
"313","2","02/12/2024 17:11:33","NETO.PRADO"
"543","2","03/11/2025 10:49:20","MATHEUS.AUGUSTO"
"544","2","03/11/2025 10:49:43","MATHEUS.AUGUSTO"
"678","3","02/12/2024 17:15:40","NETO.PRADO"
"679","3","02/12/2024 17:22:36","NETO.PRADO"
"680","3","02/12/2024 17:27:06","NETO.PRADO"
"681","3","15/05/2026 16:12:10","MATHEUS.AUGUSTO"
"682","3","02/12/2024 17:32:48","NETO.PRADO"
"683","3","02/12/2024 17:40:35","NETO.PRADO"
"684","3","04/12/2024 14:19:25","NETO.PRADO"
"686","3","04/12/2024 14:03:46","NETO.PRADO"
"687","3","04/12/2024 14:11:15","NETO.PRADO"
"690","3","04/12/2024 14:21:10","NETO.PRADO"
"691","3","06/01/2025 09:24:28","MATHEUS.AUGUSTO"
"692","3","04/03/2026 13:25:51","RICARDO.MORETTI"
"694","3","04/12/2024 14:33:22","NETO.PRADO"
"698","3","04/12/2024 14:36:56","NETO.PRADO"
"703","2","15/08/2025 08:50:18","RICARDO.MORETTI"
"704","25","08/11/2024 13:49:11","NETO.PRADO"
"705","26","08/11/2024 13:51:55","NETO.PRADO"
"706","2","15/08/2025 08:49:34","RICARDO.MORETTI"
"707","26","08/11/2024 13:51:29","NETO.PRADO"
"708","2","09/06/2025 11:03:23","MATHEUS.AUGUSTO"
"709","26","08/11/2024 13:54:21","NETO.PRADO"
"710","2","15/08/2025 08:51:17","RICARDO.MORETTI"
"711","26","08/11/2024 13:55:47","NETO.PRADO"
"712","25","08/11/2024 13:57:22","MATHEUS.AUGUSTO"
"713","26","08/11/2024 13:57:54","NETO.PRADO"
"714","2","15/08/2025 08:47:59","RICARDO.MORETTI"
"715","2","02/09/2025 14:33:50","MATHEUS.AUGUSTO"
"716","25","08/11/2024 13:59:49","MATHEUS.AUGUSTO"
"717","2","15/08/2025 08:52:01","RICARDO.MORETTI"
"718","25","08/11/2024 14:00:18","NETO.PRADO"
"719","25","08/11/2024 14:00:33","MATHEUS.AUGUSTO"
"720","26","08/11/2024 14:22:01","MATHEUS.AUGUSTO"
"721","2","15/08/2025 08:49:08","RICARDO.MORETTI"
"723","2","06/12/2024 16:13:39","NETO.PRADO"
"724","2","09/12/2024 15:05:17","NETO.PRADO"
"728","28","15/01/2025 08:20:15","NETO.PRADO"
"729","28","15/01/2025 08:20:25","NETO.PRADO"
"730","28","15/01/2025 08:20:36","NETO.PRADO"
"731","28","11/02/2025 09:49:28","NETO.PRADO"
"733","27","24/01/2025 14:26:30","NETO.PRADO"
"734","27","24/01/2025 14:26:58","NETO.PRADO"
"735","27","24/01/2025 14:27:47","NETO.PRADO"
"736","27","24/01/2025 14:28:09","NETO.PRADO"
"737","27","24/01/2025 14:28:32","NETO.PRADO"
"738","2","09/06/2025 11:01:48","MATHEUS.AUGUSTO"
"739","2","09/06/2025 11:02:07","MATHEUS.AUGUSTO"
"740","2","09/06/2025 11:02:21","MATHEUS.AUGUSTO"
"741","27","20/02/2025 10:27:37","NETO.PRADO"
"742","27","20/02/2025 10:30:07","NETO.PRADO"
"743","27","20/02/2025 10:34:13","NETO.PRADO"
"744","2","18/03/2025 13:45:36","NETO.PRADO"
"745","2","06/05/2025 16:54:08","MATHEUS.AUGUSTO"
"746","2","07/05/2025 11:15:31","MATHEUS.AUGUSTO"
"750","5","20/05/2025 07:43:04","MATHEUS.AUGUSTO"
"751","5","20/05/2025 07:43:33","MATHEUS.AUGUSTO"
"752","2","09/06/2025 10:50:25","MATHEUS.AUGUSTO"
"753","2","09/06/2025 10:51:09","MATHEUS.AUGUSTO"
"754","2","09/06/2025 10:51:39","MATHEUS.AUGUSTO"
"755","2","09/06/2025 10:52:05","MATHEUS.AUGUSTO"
"756","2","09/06/2025 10:52:31","MATHEUS.AUGUSTO"
"757","2","09/06/2025 10:53:00","MATHEUS.AUGUSTO"
"758","2","09/06/2025 10:53:43","MATHEUS.AUGUSTO"
"759","2","09/06/2025 10:54:12","MATHEUS.AUGUSTO"
"760","2","09/06/2025 10:54:39","MATHEUS.AUGUSTO"
"761","2","09/06/2025 10:55:13","MATHEUS.AUGUSTO"
"762","2","09/06/2025 10:55:40","MATHEUS.AUGUSTO"
"763","2","09/06/2025 10:56:47","MATHEUS.AUGUSTO"
"764","2","09/06/2025 10:57:30","MATHEUS.AUGUSTO"
"765","2","09/10/2025 08:32:25","MATHEUS.AUGUSTO"
"766","3","17/10/2025 14:25:20","MATHEUS.AUGUSTO"
"767","2","03/11/2025 10:50:30","MATHEUS.AUGUSTO"
"768","2","03/11/2025 10:50:53","MATHEUS.AUGUSTO"
"769","28","05/12/2025 14:42:27","MATHEUS.AUGUSTO"
"770","28","05/12/2025 14:42:35","MATHEUS.AUGUSTO"
"771","28","05/12/2025 14:42:45","MATHEUS.AUGUSTO"
"772","28","05/12/2025 14:42:54","MATHEUS.AUGUSTO"
"773","28","05/12/2025 14:43:04","MATHEUS.AUGUSTO"
"774","28","05/12/2025 14:43:14","MATHEUS.AUGUSTO"
"775","2","14/01/2026 08:52:35","MATHEUS.AUGUSTO"
"776","2","14/01/2026 08:53:02","MATHEUS.AUGUSTO"
"777","2","14/01/2026 08:54:27","MATHEUS.AUGUSTO"
"778","28","02/02/2026 14:14:40","MATHEUS.AUGUSTO"
